1.497588157653808594e-01 -7.402408123016357422e-02 -3.741691354662179947e-03
2.292019724845886230e-01 -1.042811945080757141e-01 1.362998038530349731e-01
2.136798202991485596e-01 -1.466652452945709229e-01 6.796634197235107422e-02
-1.057367101311683655e-01 -7.846398651599884033e-02 4.195923358201980591e-02
-1.047764793038368225e-01 -1.380825191736221313e-01 1.117524281144142151e-01
-1.646513193845748901e-01 1.911186799407005310e-02 -4.470389336347579956e-02
-3.462243080139160156e-02 6.173025071620941162e-02 1.807288080453872681e-01
-1.065159514546394348e-01 4.248398914933204651e-02 1.884842664003372192e-01
-2.566404826939105988e-02 1.695043742656707764e-01 1.632439941167831421e-01
1.285766214132308960e-01 1.465380191802978516e-01 -2.347054779529571533e-01
1.836379766464233398e-01 -6.851866841316223145e-02 -3.998542129993438721e-01
2.130045145750045776e-01 -9.529987722635269165e-02 -1.449074745178222656e-01
1.617566943168640137e-01 1.210712864995002747e-01 -6.422446668148040771e-02
1.353744417428970337e-01 1.296831518411636353e-01 -1.466475427150726318e-01
5.426770448684692383e-02 1.836391352117061615e-02 -3.140039741992950439e-01
-9.189330786466598511e-02 -1.289025694131851196e-01 5.791304633021354675e-02
-3.260765671730041504e-01 -3.130346238613128662e-01 1.591373234987258911e-01
-4.483146965503692627e-01 -1.773306578397750854e-01 8.899931609630584717e-02
1.522774100303649902e-01 1.342753320932388306e-01 8.075530081987380981e-02
1.965280249714851379e-02 2.374892234802246094e-01 -1.249211132526397705e-01
1.332690417766571045e-01 1.738297939300537109e-01 -1.850583553314208984e-01
-9.800354950129985809e-03 1.476960480213165283e-01 -2.058076905086636543e-03
3.165352344512939453e-02 1.793413162231445312e-01 -1.376231014728546143e-01
1.900805681943893433e-01 1.363918930292129517e-01 -1.144845113158226013e-01
-1.009732261300086975e-01 -2.491652220487594604e-01 -8.425793796777725220e-02
-1.377506703138351440e-01 -2.234230041503906250e-01 5.594276264309883118e-02
-2.296275496482849121e-01 -1.118815168738365173e-01 7.096042484045028687e-02
-2.220198512077331543e-01 -1.313868463039398193e-01 -1.215314045548439026e-01
-3.103321790695190430e-01 -3.015080988407135010e-01 -1.052167192101478577e-01
-3.606480360031127930e-01 -2.971698939800262451e-01 2.098679393529891968e-01
-1.195441782474517822e-01 7.636847347021102905e-02 1.081976294517517090e-01
-2.471977621316909790e-01 7.517996430397033691e-02 1.003395617008209229e-01
4.350466653704643250e-03 1.119929105043411255e-01 8.370710909366607666e-02
-2.522057294845581055e-01 -2.885759174823760986e-01 1.113146394491195679e-01
-3.567054569721221924e-01 -2.589862048625946045e-01 1.080592162907123566e-02
-3.518947660923004150e-01 -3.128804266452789307e-01 2.012771554291248322e-02
-1.326460689306259155e-01 -8.908231742680072784e-03 -9.432857856154441833e-03
-1.557586491107940674e-01 6.003789231181144714e-02 -6.813768297433853149e-02
-1.043121293187141418e-01 1.877599805593490601e-01 6.666557490825653076e-02
2.086161822080612183e-01 1.657048612833023071e-02 -3.384408354759216309e-01
2.330857813358306885e-01 -9.331250935792922974e-02 -3.307321667671203613e-01
2.189503759145736694e-01 -1.635761111974716187e-01 -1.128138154745101929e-01
3.518918901681900024e-02 8.152216672897338867e-02 -2.176390886306762695e-01
8.248020708560943604e-02 -8.861513435840606689e-02 -4.095104634761810303e-01
1.136939749121665955e-01 -7.631272077560424805e-03 -8.860725164413452148e-02
-6.429044157266616821e-02 -1.045087724924087524e-01 1.561433970928192139e-01
-6.682474911212921143e-02 -1.578858047723770142e-01 2.897622883319854736e-01
-3.863325715065002441e-02 4.999396204948425293e-02 1.866426169872283936e-01
9.294128045439720154e-03 2.535158395767211914e-01 -2.079405486583709717e-01
-5.710365995764732361e-02 -4.962471500039100647e-02 2.075861692428588867e-01
6.789664924144744873e-02 2.373133003711700439e-01 2.361058145761489868e-01
-8.313447237014770508e-02 -5.031783878803253174e-02 -2.022460661828517914e-02
1.174549981951713562e-01 1.192400678992271423e-01 1.642920970916748047e-01
1.149999201297760010e-01 1.371659189462661743e-01 -1.081061661243438721e-01
1.523909121751785278e-01 2.524618431925773621e-02 -1.049103513360023499e-01
-3.635541722178459167e-02 -9.911756217479705811e-02 1.205161586403846741e-01
3.240804001688957214e-02 9.362517297267913818e-02 -1.386564318090677261e-02
3.291592374444007874e-02 7.858625799417495728e-02 -4.167771548964083195e-04
-5.856269598007202148e-02 -1.113371551036834717e-02 -1.572108566761016846e-01
-3.053335547447204590e-01 -1.340616941452026367e-01 1.614585518836975098e-01
7.365859299898147583e-02 1.281767189502716064e-01 2.127038091421127319e-01
1.667165905237197876e-01 1.053083613514900208e-01 -8.927281200885772705e-02
-1.700646877288818359e-01 -2.690916061401367188e-01 -8.342373371124267578e-02
-1.504017710685729980e-01 -1.810158416628837585e-02 -1.549300849437713623e-01
1.570310145616531372e-01 1.887062340974807739e-01 -2.012043073773384094e-02
1.353247761726379395e-01 6.633392721414566040e-02 -4.165668413043022156e-02
4.885290190577507019e-02 7.788744568824768066e-02 3.806587308645248413e-02
-8.639431558549404144e-03 1.565461605787277222e-01 3.507965058088302612e-02
-1.762661486864089966e-01 -2.109989672899246216e-01 -1.982564628124237061e-01
1.129945293068885803e-01 1.311760842800140381e-01 1.051837876439094543e-01
1.170533895492553711e-02 2.874726057052612305e-02 -1.730616390705108643e-01
-4.651347175240516663e-02 -2.371367812156677246e-01 1.451446395367383957e-02
-1.003518253564834595e-01 9.035000205039978027e-02 -1.991442143917083740e-01
-3.966419398784637451e-02 -9.568191319704055786e-02 5.380542948842048645e-02
-5.485843867063522339e-03 1.170007511973381042e-01 2.427947521209716797e-01
-2.049534022808074951e-01 -8.281697332859039307e-02 -1.103625074028968811e-01
-1.452194899320602417e-01 -9.571966528892517090e-02 -1.666655242443084717e-01
-8.118156343698501587e-02 -8.111551403999328613e-03 9.244891256093978882e-02
7.675135880708694458e-02 -6.292609125375747681e-02 -2.233357578516006470e-01
-7.853733748197555542e-02 -2.802095562219619751e-02 5.893935263156890869e-02
-4.555676504969596863e-02 -1.499590277671813965e-02 4.957098513841629028e-03
-1.702336966991424561e-01 2.651443472132086754e-03 1.253682821989059448e-01
1.948111206293106079e-01 3.113362789154052734e-01 1.661530509591102600e-02
2.341761291027069092e-01 1.051958575844764709e-01 -2.372922152280807495e-01
5.996105447411537170e-02 1.844104565680027008e-02 -3.002557754516601562e-01
3.211781010031700134e-02 -2.060803174972534180e-01 -3.059468567371368408e-01
-3.040738999843597412e-01 -8.662151545286178589e-02 9.322777390480041504e-03
1.380826905369758606e-02 1.522985398769378662e-01 -4.723784513771533966e-03
-3.368545696139335632e-02 -1.499758511781692505e-01 -1.421190351247787476e-01
-3.554172813892364502e-01 -1.237332448363304138e-01 2.420751154422760010e-01
5.130088701844215393e-02 1.713078767061233521e-01 -1.057009175419807434e-01
-6.158361583948135376e-02 1.177714671939611435e-02 -5.291324853897094727e-02
-2.230776101350784302e-01 -6.687970459461212158e-02 1.486191451549530029e-01
-2.947894297540187836e-02 -5.083553958684206009e-03 -3.306247293949127197e-02
3.392758965492248535e-02 -1.994785107672214508e-02 1.290353387594223022e-01
9.802687168121337891e-02 8.215884864330291748e-02 7.056510448455810547e-02
-7.238347828388214111e-02 1.517038196325302124e-01 2.720336318016052246e-01
1.199088543653488159e-01 1.151146665215492249e-01 1.795816570520401001e-01
9.617200121283531189e-03 -1.386792398989200592e-02 -4.540487378835678101e-02
1.278229504823684692e-01 3.979974985122680664e-02 1.653083562850952148e-01
-9.471379220485687256e-02 8.612154982984066010e-03 1.095567867159843445e-01
2.517775446176528931e-02 3.958429675549268723e-03 1.837067902088165283e-01
1.142345443367958069e-01 1.996931284666061401e-01 2.477461844682693481e-02
3.215892612934112549e-02 1.547478735446929932e-01 2.430912852287292480e-02
5.793129559606313705e-03 9.393341839313507080e-02 1.376788318157196045e-01
2.042049169540405273e-02 -1.832666844129562378e-01 1.566047519445419312e-01
-5.751637741923332214e-02 -1.680293232202529907e-01 1.320991218090057373e-01
-7.628472149372100830e-02 -1.874549984931945801e-01 -2.286638617515563965e-01
2.612135410308837891e-01 -1.561005879193544388e-02 1.606127768754959106e-01
-4.362246021628379822e-02 -2.059376537799835205e-01 -9.763916023075580597e-03
-6.417703628540039062e-02 -1.792437732219696045e-01 -9.588360786437988281e-02
-7.054440677165985107e-02 1.293969005346298218e-01 -1.014142632484436035e-01
5.408440902829170227e-02 6.181553006172180176e-02 1.345226764678955078e-01
5.458757281303405762e-02 3.601602092385292053e-02 1.918361783027648926e-01
2.109500467777252197e-01 8.849195390939712524e-02 1.043462976813316345e-01
-4.313557222485542297e-02 -1.732756942510604858e-01 -1.652782596647739410e-02
7.876075804233551025e-03 -1.407228112220764160e-01 -1.922316402196884155e-01
1.474699378013610840e-01 1.003925576806068420e-01 1.039052307605743408e-01
4.292763397097587585e-02 -1.210330203175544739e-01 6.763045489788055420e-02
1.740083843469619751e-02 -1.038714423775672913e-01 -1.222268790006637573e-01
-1.959018111228942871e-01 -4.118748754262924194e-02 1.151017192751169205e-02
5.945625156164169312e-02 9.896667301654815674e-02 2.029431052505970001e-02
-1.339070051908493042e-01 -4.852419346570968628e-02 6.302732042968273163e-03
-1.611580252647399902e-01 -5.230811983346939087e-02 5.218356102705001831e-02
8.272623643279075623e-03 5.561198294162750244e-02 -8.421991765499114990e-02
-1.958775520324707031e-01 -1.857562735676765442e-02 -1.253662281669676304e-03
5.411531403660774231e-02 8.331390470266342163e-02 7.198723405599594116e-02
2.345287054777145386e-02 1.619783788919448853e-01 -3.767309710383415222e-02
-4.331617802381515503e-02 -3.481656685471534729e-02 -1.788607612252235413e-02
1.953383386135101318e-01 1.644842624664306641e-01 3.489881381392478943e-02
3.294403478503227234e-02 -3.187948092818260193e-02 1.291126310825347900e-01
-5.841213837265968323e-02 -8.365765213966369629e-03 2.464349269866943359e-01
-1.807889789342880249e-01 -1.944953352212905884e-01 -3.386017866432666779e-03
2.951646409928798676e-02 -1.603178828954696655e-01 -2.568618059158325195e-01
-1.126403361558914185e-01 -2.382882386445999146e-01 -2.237298488616943359e-01
-2.454513907432556152e-01 -1.401817202568054199e-01 3.431954383850097656e-01
-2.852398157119750977e-01 -1.174464970827102661e-01 2.114837020635604858e-01
-2.072439789772033691e-01 -1.814701706171035767e-01 -1.924169063568115234e-01
-2.081136405467987061e-01 -2.156458944082260132e-01 2.093994915485382080e-01
-2.114567309617996216e-01 -1.965907365083694458e-01 1.054437607526779175e-01
-1.211233139038085938e-01 -2.304350733757019043e-01 -3.202985525131225586e-01
3.499045222997665405e-02 7.696993649005889893e-02 1.570498496294021606e-01
8.519470691680908203e-02 1.599953919649124146e-01 1.273304820060729980e-01
1.317878514528274536e-01 1.820820122957229614e-01 8.067348599433898926e-02
-3.875402733683586121e-02 -2.621725797653198242e-01 -1.843287050724029541e-01
-7.921874523162841797e-02 -2.668808773159980774e-02 -6.443613767623901367e-02
1.312426030635833740e-01 2.067306935787200928e-01 9.227367490530014038e-02
-6.798050552606582642e-02 1.356726139783859253e-01 6.269337981939315796e-02
6.867476552724838257e-02 8.572261780500411987e-02 3.411680832505226135e-02
-9.960225969552993774e-02 -1.328755170106887817e-02 -1.441835705190896988e-02
-2.004822790622711182e-01 -2.201507240533828735e-01 -1.359753906726837158e-01
-6.103422865271568298e-02 -3.167355433106422424e-02 -5.584603920578956604e-02
-1.113362908363342285e-01 -9.509582072496414185e-02 6.354359444230794907e-03
1.333984136581420898e-01 5.745178461074829102e-02 1.380625180900096893e-02
-2.165521979331970215e-01 -1.189101189374923706e-01 2.762605436146259308e-02
1.164451465010643005e-01 1.483483761548995972e-01 8.927920460700988770e-02
5.025039613246917725e-02 1.731767058372497559e-01 2.075676620006561279e-01
9.105923771858215332e-02 5.661389604210853577e-02 3.380246832966804504e-02
-2.240797728300094604e-01 -1.488101035356521606e-01 -7.030820846557617188e-02
-8.537454903125762939e-02 -9.600677527487277985e-03 -2.349150180816650391e-02
3.014429844915866852e-02 5.339096114039421082e-02 -2.655647881329059601e-02
-6.796910613775253296e-02 -6.463861465454101562e-02 -1.021978259086608887e-01
6.679551675915718079e-03 7.630693167448043823e-02 1.221628785133361816e-01
-4.769217967987060547e-02 -1.315886229276657104e-01 -7.305174320936203003e-02
-1.829344928264617920e-01 -1.199036836624145508e-01 -7.173208892345428467e-02
7.281178981065750122e-02 8.854640275239944458e-02 1.436581164598464966e-01
7.053078711032867432e-02 -1.120881587266921997e-01 -9.291662275791168213e-02
-1.254155188798904419e-01 2.533542178571224213e-02 -3.996447846293449402e-02
9.438281506299972534e-02 -3.790336847305297852e-02 -4.504010081291198730e-02
-2.986449934542179108e-02 1.114190891385078430e-01 1.474521029740571976e-02
1.767490804195404053e-01 1.361485868692398071e-01 4.112697392702102661e-02
1.973947733640670776e-01 1.671603918075561523e-01 2.051278203725814819e-01
-1.036355718970298767e-01 8.926270529627799988e-03 8.980374783277511597e-02
2.073188573122024536e-01 2.383025288581848145e-01 1.709462702274322510e-02
1.177589148283004761e-01 4.894993454217910767e-02 -7.869229465723037720e-02
8.962906897068023682e-03 4.190842062234878540e-02 -6.587986717931926250e-04
2.223083376884460449e-01 1.692002564668655396e-01 2.642319910228252411e-02
1.286363601684570312e-01 1.928943395614624023e-01 6.161122396588325500e-02
3.411355316638946533e-01 1.562710553407669067e-01 1.190150231122970581e-01
-7.149560749530792236e-02 -7.547770440578460693e-02 -5.309396237134933472e-02
1.449100524187088013e-01 3.706483868882060051e-03 -4.676535353064537048e-02
-3.874102234840393066e-02 1.133913919329643250e-01 -9.503284096717834473e-02
1.800363063812255859e-01 1.626437902450561523e-01 2.152046188712120056e-02
-1.050817687064409256e-02 -1.095448881387710571e-01 -6.783995032310485840e-02
-2.044962495565414429e-01 -9.794859588146209717e-02 -2.665310166776180267e-02
1.963045895099639893e-01 8.715219795703887939e-02 4.990423098206520081e-02
8.133991807699203491e-02 1.143512967973947525e-02 7.932262122631072998e-02
-6.601414829492568970e-02 3.915441036224365234e-02 -6.232304498553276062e-02
2.431879490613937378e-01 1.130018234252929688e-01 7.897523045539855957e-02
-1.883840858936309814e-01 -1.292087286710739136e-01 -1.579867601394653320e-01
-5.456274375319480896e-02 -1.054289937019348145e-02 -1.071061417460441589e-01
-9.984808415174484253e-02 -2.181109972298145294e-02 -3.120015375316143036e-03
-5.746782198548316956e-02 1.455093771219253540e-01 1.151457056403160095e-01
1.776066236197948456e-02 8.788721263408660889e-02 1.583614200353622437e-01
1.965765655040740967e-01 2.293323427438735962e-01 2.769835293292999268e-01
4.437293391674757004e-03 -6.265655159950256348e-03 -1.825284957885742188e-02
8.345448970794677734e-02 1.271070688962936401e-01 7.945113629102706909e-02
2.451299317181110382e-02 1.192623674869537354e-01 3.978322818875312805e-02
3.638698160648345947e-02 1.229248195886611938e-01 -3.351799771189689636e-02
2.224371284246444702e-01 1.211594641208648682e-01 -2.925054356455802917e-02
7.968211174011230469e-02 -8.284607902169227600e-03 3.369467798620462418e-03
-2.527176402509212494e-02 -1.917545497417449951e-01 1.377011090517044067e-01
-5.919601302593946457e-03 5.002033337950706482e-02 1.173633337020874023e-01
4.458628594875335693e-02 1.792467981576919556e-01 4.134563729166984558e-02
6.654310226440429688e-02 -4.174503684043884277e-02 -6.165717542171478271e-02
-3.590439260005950928e-02 -1.020326688885688782e-01 5.105350166559219360e-02
-8.637491613626480103e-02 -1.624757498502731323e-01 -1.645193621516227722e-02
-8.835898712277412415e-03 -2.553759515285491943e-02 -1.122252866625785828e-01
8.284404873847961426e-02 1.367090046405792236e-01 -2.860029339790344238e-01
1.561042852699756622e-02 3.780045779421925545e-03 -1.090477108955383301e-01
1.974777281284332275e-01 -1.108471080660820007e-01 -1.907563023269176483e-02
1.094851642847061157e-01 -1.365102380514144897e-01 4.150458425283432007e-02
-6.660737097263336182e-02 -1.252613365650177002e-01 -1.251359283924102783e-02
8.547585457563400269e-02 -1.163187026977539062e-01 1.398601196706295013e-02
4.538773000240325928e-02 -1.564584821462631226e-01 6.841497123241424561e-02
-7.625503838062286377e-02 8.560561574995517731e-03 -1.369552221149206161e-02
-1.479889079928398132e-02 3.210797160863876343e-02 -1.319184899330139160e-01
1.681617051362991333e-01 5.530690029263496399e-02 4.951842129230499268e-02
5.756981298327445984e-02 7.127019762992858887e-02 7.291905581951141357e-02
6.092431023716926575e-02 9.458341635763645172e-03 -2.131671756505966187e-01
3.985995799303054810e-02 5.517593771219253540e-02 -1.982203722000122070e-01
-1.576373875141143799e-01 -8.007551729679107666e-02 -1.048708558082580566e-01
1.005393862724304199e-01 1.693591102957725525e-02 -5.190807208418846130e-02
4.635116085410118103e-02 9.330615401268005371e-02 -5.789238214492797852e-02
6.233171746134757996e-02 1.469616591930389404e-01 1.456007957458496094e-01
-5.443937331438064575e-02 2.749585174024105072e-02 -1.571975052356719971e-01
-1.404799707233905792e-02 -8.176778256893157959e-02 1.113996934145689011e-02
6.284645944833755493e-02 -3.557083755731582642e-02 2.141542173922061920e-02
1.552179455757141113e-02 -1.293560713529586792e-01 -8.319789916276931763e-02
2.414726279675960541e-02 4.915382713079452515e-02 -1.864578388631343842e-02
6.302803009748458862e-02 2.301286719739437103e-02 -1.135478448122739792e-02
-1.677648425102233887e-01 8.966954424977302551e-03 1.830719113349914551e-01
-8.113051950931549072e-02 8.714183419942855835e-02 2.043926417827606201e-01
8.536681532859802246e-02 1.211673244833946228e-01 1.688597053289413452e-01
-1.042039990425109863e-01 -1.735732108354568481e-01 1.072839573025703430e-01
-3.354602726176381111e-03 2.832733280956745148e-02 1.359490305185317993e-01
-2.490068040788173676e-02 5.579528585076332092e-02 7.922564446926116943e-02
5.268361419439315796e-02 2.916395291686058044e-02 -6.420768797397613525e-02
2.666501700878143311e-02 1.281567960977554321e-01 3.704869654029607773e-03
1.049638446420431137e-02 -2.940515987575054169e-02 -1.215741857886314392e-01
-1.552541404962539673e-01 -2.015067487955093384e-01 -2.928638458251953125e-01
-6.183886528015136719e-02 5.497160553932189941e-02 2.148285321891307831e-02
2.620690129697322845e-02 1.603465378284454346e-01 3.642398491501808167e-02
1.523875445127487183e-01 1.542101055383682251e-01 -1.744681224226951599e-02
2.747428417205810547e-02 9.851326793432235718e-02 8.731460571289062500e-02
-5.324960686266422272e-03 2.394568622112274170e-01 1.942246705293655396e-01
-6.179206538945436478e-03 -7.839500904083251953e-02 4.865335673093795776e-02
3.492331132292747498e-02 5.731795355677604675e-02 -1.364754587411880493e-01
-8.577626198530197144e-02 -4.298626631498336792e-02 -3.805397078394889832e-02
-7.192602008581161499e-02 -6.790132075548171997e-02 -1.876366091892123222e-03
-1.095660328865051270e-01 1.237954348325729370e-01 1.252222955226898193e-01
1.265801489353179932e-01 1.197261512279510498e-01 -2.969166077673435211e-02
2.094058692455291748e-01 1.851378232240676880e-01 5.442417040467262268e-02
-4.294033721089363098e-02 2.496203593909740448e-02 1.186977550387382507e-01
-1.200896576046943665e-01 -5.482934787869453430e-02 -2.158639952540397644e-02
-1.339596658945083618e-01 -1.208649831824004650e-03 5.333716794848442078e-02
2.303534932434558868e-02 -9.759669750928878784e-02 -2.651534676551818848e-01
-7.220599055290222168e-02 -3.406973779201507568e-01 -3.061183691024780273e-01
1.854143291711807251e-02 1.572428047657012939e-01 5.335235595703125000e-02
-7.881649583578109741e-02 -9.063068032264709473e-02 3.301181131973862648e-03
4.981548339128494263e-02 -4.108926281332969666e-02 -3.776739537715911865e-02
-3.451578319072723389e-02 1.302161514759063721e-01 3.568187821656465530e-03
-1.422729492187500000e-01 -6.726779788732528687e-02 -1.026741345413029194e-03
9.865020215511322021e-02 -5.839494615793228149e-02 -3.098596259951591492e-02
-1.706662587821483612e-03 -1.804816126823425293e-01 -1.100730299949645996e-01
3.510810062289237976e-02 -5.666336044669151306e-02 -6.580451130867004395e-02
1.534324586391448975e-01 9.669572860002517700e-02 -4.503468796610832214e-02
4.064186289906501770e-02 1.579555124044418335e-01 1.677384674549102783e-01
1.559288352727890015e-01 -1.195714157074689865e-02 -8.015616983175277710e-02
1.699066162109375000e-01 -1.982557624578475952e-01 -3.444109857082366943e-01
-6.924562621861696243e-03 -1.024754345417022705e-01 1.746087819337844849e-01
1.893507838249206543e-01 1.222357340157032013e-02 2.813708223402500153e-02
1.744686514139175415e-01 1.968216300010681152e-01 5.286791920661926270e-02
9.772612154483795166e-02 8.481449633836746216e-02 -2.125372290611267090e-01
-1.672440208494663239e-02 1.175341103225946426e-02 -1.543818414211273193e-01
-3.812046349048614502e-02 -4.506239667534828186e-02 1.142366081476211548e-01
-4.354443028569221497e-02 1.772746816277503967e-02 1.035162359476089478e-01
8.383335173130035400e-02 2.798570320010185242e-02 8.534296602010726929e-02
2.779467403888702393e-01 4.820267111063003540e-02 -5.838145315647125244e-02
4.920784011483192444e-02 -3.179962188005447388e-02 -2.258681803941726685e-01
-7.941796630620956421e-02 1.591353714466094971e-01 4.965123906731605530e-02
2.053943723440170288e-01 1.480166465044021606e-01 4.575409367680549622e-02
-5.313513055443763733e-02 -1.235569342970848083e-01 -9.461116790771484375e-02
1.655483432114124298e-02 8.720949292182922363e-02 4.370441660284996033e-02
2.670522928237915039e-01 1.189181953668594360e-01 -6.404492259025573730e-02
-4.437957704067230225e-02 -1.552545726299285889e-01 -5.152847245335578918e-02
-1.024589240550994873e-01 -3.826059401035308838e-03 -1.071076765656471252e-01
-3.999278321862220764e-02 -3.139948099851608276e-02 -4.239553585648536682e-02
-3.903059288859367371e-02 2.103020250797271729e-02 1.140401810407638550e-01
-9.718494862318038940e-02 1.977148354053497314e-01 1.331228166818618774e-01
1.448974907398223877e-01 3.613214194774627686e-01 9.466695040464401245e-02
-6.031231954693794250e-03 1.855554580688476562e-01 -1.216359362006187439e-01
4.086097329854965210e-02 1.531955748796463013e-01 -7.097715884447097778e-02
1.707857549190521240e-01 7.628149539232254028e-02 -2.076173387467861176e-02
1.869083195924758911e-02 -1.181108430027961731e-01 -2.685754746198654175e-02
8.841555565595626831e-02 -3.441570699214935303e-02 1.038128361105918884e-01
9.313614666461944580e-02 -1.022176295518875122e-01 2.786332368850708008e-01
-2.021808028221130371e-01 1.073274016380310059e-02 9.497510641813278198e-02
-2.392619997262954712e-01 6.589276343584060669e-02 6.140149012207984924e-02
5.039986222982406616e-02 1.665179729461669922e-01 1.506492495536804199e-02
7.249470055103302002e-02 1.005396991968154907e-01 6.953947991132736206e-02
-2.568038403987884521e-01 -3.358278051018714905e-02 3.554974123835563660e-02
-2.101897746324539185e-01 -1.078024506568908691e-01 6.217347458004951477e-03
4.875826090574264526e-02 -1.608641594648361206e-01 -5.768865346908569336e-03
2.003064900636672974e-01 -1.956975311040878296e-01 -3.799133300781250000e-01
6.682875752449035645e-02 -1.682010889053344727e-01 -2.533883452415466309e-01
4.532529413700103760e-02 -3.580075502395629883e-02 1.778708547353744507e-01
-1.330356746912002563e-01 -1.790176481008529663e-01 2.093048691749572754e-01
-1.577854752540588379e-01 -7.461159676313400269e-02 1.894522309303283691e-01
-2.253243140876293182e-02 3.213685378432273865e-02 1.065651178359985352e-01
-1.636348962783813477e-01 1.230438426136970520e-02 1.581783592700958252e-01
-2.324225008487701416e-01 1.613206602632999420e-02 1.585824638605117798e-01
-2.129860222339630127e-02 -4.251441732048988342e-02 -4.970279708504676819e-02
-4.167945007793605328e-04 4.145427420735359192e-02 -2.769323289394378662e-01
1.111549213528633118e-01 -2.927227690815925598e-02 -3.334660530090332031e-01
3.370434790849685669e-02 1.948678307235240936e-02 8.555023372173309326e-02
-6.624139845371246338e-03 -1.908711344003677368e-01 -2.417673617601394653e-01
-4.472249187529087067e-03 -1.513578593730926514e-01 -3.416393995285034180e-01
-6.798689067363739014e-02 -1.168284118175506592e-01 1.149425208568572998e-01
1.574989408254623413e-02 -8.875847794115543365e-03 7.016359362751245499e-03
4.028690606355667114e-02 9.677171707153320312e-02 8.679962903261184692e-02
8.022307604551315308e-02 -5.051223933696746826e-02 -2.880130112171173096e-01
1.455488651990890503e-01 -2.307703644037246704e-01 -2.200307697057723999e-01
-1.675982214510440826e-02 -1.803276687860488892e-01 -2.108252495527267456e-01
-1.686103343963623047e-01 1.827961020171642303e-02 2.159857004880905151e-01
-1.770399957895278931e-01 -2.158459462225437164e-02 7.149632275104522705e-02
1.666570603847503662e-01 -1.380814462900161743e-01 -8.774524182081222534e-02
-2.115614712238311768e-02 1.708368211984634399e-01 7.941363751888275146e-02
-1.628189384937286377e-01 3.204590678215026855e-01 2.162103354930877686e-01
-3.413026686757802963e-03 3.057329952716827393e-01 1.541529744863510132e-01
-6.633933633565902710e-02 6.998323649168014526e-02 1.421391665935516357e-01
-1.983247846364974976e-01 1.562990546226501465e-01 8.423379808664321899e-02
1.068568229675292969e-01 1.429116129875183105e-01 -1.242918744683265686e-01
2.293634042143821716e-02 1.625067787244915962e-03 -1.621839404106140137e-01
1.247854977846145630e-01 -6.844205409288406372e-02 -3.071788251399993896e-01
1.668798364698886871e-02 -1.502961218357086182e-01 -8.953966945409774780e-02
-1.474963128566741943e-01 -1.744617819786071777e-01 -5.290101468563079834e-02
2.057124972343444824e-01 3.212135136127471924e-01 1.740446239709854126e-01
3.838077485561370850e-01 1.545492410659790039e-01 -1.688573211431503296e-01
1.084802597761154175e-01 1.187945604324340820e-01 1.164040341973304749e-01
8.424288779497146606e-02 -1.015706569887697697e-03 -4.530947655439376831e-03
-4.655591771006584167e-02 3.993202745914459229e-02 1.389117352664470673e-02
-8.318547159433364868e-02 -3.793220594525337219e-02 5.422561988234519958e-02
-3.842140361666679382e-02 9.082208387553691864e-03 -1.009845957159996033e-01
-8.753386139869689941e-02 -4.382563382387161255e-02 -1.943486481904983521e-01
-1.807771027088165283e-01 -1.352972984313964844e-01 -1.948425471782684326e-01
-2.844375073909759521e-01 7.479553669691085815e-02 1.479207277297973633e-01
1.852815449237823486e-01 2.422912716865539551e-01 1.379082351922988892e-01
1.964361369609832764e-01 2.090474367141723633e-01 -7.887464761734008789e-02
-2.897102832794189453e-01 -3.165620267391204834e-01 -1.869044899940490723e-01
-2.987786531448364258e-01 5.692939460277557373e-02 9.647470712661743164e-02
1.178111657500267029e-01 1.246126294136047363e-01 1.093325838446617126e-01
5.921625345945358276e-02 1.264438778162002563e-01 -3.389429184608161449e-04
-1.797787472605705261e-02 -9.963627159595489502e-02 7.879223674535751343e-02
6.466906517744064331e-02 9.880857169628143311e-02 -1.346090137958526611e-01
-2.819764316082000732e-01 -2.524819076061248779e-01 -2.218509018421173096e-01
-2.945485711097717285e-01 -4.602743312716484070e-02 2.067478746175765991e-01
-3.395563364028930664e-02 5.917585641145706177e-02 -1.986945718526840210e-01
-2.785663306713104248e-01 -1.722387820482254028e-01 -7.317345589399337769e-02
-8.162070065736770630e-02 8.004394918680191040e-02 8.503390103578567505e-02
-2.665031142532825470e-02 3.237245976924896240e-02 1.157654821872711182e-01
1.980421990156173706e-01 3.421165347099304199e-01 3.595991134643554688e-01
8.829492330551147461e-02 1.824797391891479492e-01 -4.192619770765304565e-02
-1.549555212259292603e-01 -7.953602075576782227e-02 -5.270630121231079102e-02
7.349351886659860611e-03 2.226225286722183228e-01 2.203991860151290894e-01
2.271695248782634735e-02 5.523863714188337326e-03 -9.700749814510345459e-02
-8.922541141510009766e-02 -1.017097681760787964e-01 7.034533470869064331e-02
-5.645623896270990372e-03 8.301779627799987793e-02 1.334174424409866333e-01
6.077579036355018616e-02 5.246549844741821289e-03 -1.366480886936187744e-01
2.965387105941772461e-01 3.113058209419250488e-01 1.880121976137161255e-01
3.240252137184143066e-01 1.413072049617767334e-01 -1.696803374215960503e-03
-1.769123226404190063e-01 6.507036089897155762e-02 1.222640350461006165e-01
-2.076775580644607544e-01 -3.560423552989959717e-01 -1.733487844467163086e-01
-1.607041358947753906e-01 1.432104408740997314e-01 2.857922613620758057e-01
-1.411653589457273483e-02 1.073209568858146667e-01 5.164716765284538269e-02
-2.362831830978393555e-01 -1.872405856847763062e-01 -2.510003745555877686e-01
-1.120848506689071655e-01 -1.550204027444124222e-02 1.793385595083236694e-01
2.755924761295318604e-01 1.191142424941062927e-01 1.310967840254306793e-02
-2.043828517198562622e-01 -1.991737484931945801e-01 -2.757612764835357666e-01
-2.026646882295608521e-01 6.962560117244720459e-02 2.559551000595092773e-01
1.621606349945068359e-01 1.956723183393478394e-01 1.064299345016479492e-01
-2.620745450258255005e-02 5.091052129864692688e-02 9.377308189868927002e-02
1.482195407152175903e-01 7.717557251453399658e-02 2.149894274771213531e-02
6.372035294771194458e-02 3.038323298096656799e-02 -2.844964340329170227e-02
1.559496857225894928e-02 -3.935090824961662292e-02 1.640754193067550659e-02
1.769162528216838837e-02 -1.033407077193260193e-01 -9.349511563777923584e-02
-1.754366233944892883e-02 -1.242246255278587341e-01 -4.492126777768135071e-02
1.257664896547794342e-02 1.785710826516151428e-02 2.816873602569103241e-02
-1.196837648749351501e-01 -6.727608293294906616e-02 1.013897880911827087e-01
1.276539405807852745e-03 -2.571239508688449860e-02 -1.148468255996704102e-01
-1.750976219773292542e-02 9.425922483205795288e-02 9.037823975086212158e-02
-8.497523516416549683e-02 1.689345091581344604e-01 5.604681745171546936e-02
6.734316702932119370e-03 1.059234440326690674e-01 3.227289393544197083e-02
-2.263339459896087646e-01 -1.740538626909255981e-01 2.148201130330562592e-02
1.411689072847366333e-01 -6.568965315818786621e-02 -1.765957027673721313e-01
9.127065539360046387e-02 5.541376769542694092e-02 1.518159359693527222e-02
-6.770913302898406982e-02 8.698126673698425293e-02 2.126724869012832642e-01
-3.939876332879066467e-02 -1.328005194664001465e-01 -1.575777381658554077e-01
1.377170830965042114e-01 -1.241028029471635818e-02 -1.116800308227539062e-01
2.662686407566070557e-01 1.815268695354461670e-01 8.962972462177276611e-02
3.001065552234649658e-01 3.300944268703460693e-01 1.975291818380355835e-01
-7.570785004645586014e-03 1.723126620054244995e-01 1.523171961307525635e-01
-9.723564982414245605e-02 -1.147232428193092346e-01 1.056011691689491272e-01
-7.748448103666305542e-02 -3.269688412547111511e-02 -2.953011095523834229e-01
1.627053618431091309e-01 5.482281371951103210e-02 -1.366053074598312378e-01
-1.466966420412063599e-01 -8.679807931184768677e-02 4.633720964193344116e-02
1.107856482267379761e-01 -2.107145637273788452e-02 -1.679956167936325073e-01
1.206454709172248840e-01 2.950606495141983032e-02 -1.431907434016466141e-02
5.243206396698951721e-02 -6.406236439943313599e-02 1.441106013953685760e-02
2.192065715789794922e-01 1.597000062465667725e-01 -6.264447234570980072e-03
6.002918258309364319e-02 1.260668933391571045e-01 3.582082316279411316e-02
3.502257764339447021e-01 1.460086405277252197e-01 -9.749764204025268555e-02
2.285848408937454224e-01 2.712145149707794189e-01 5.905288457870483398e-02
6.016096845269203186e-02 8.946563303470611572e-02 1.970862001180648804e-01
-5.503361672163009644e-02 -3.157890588045120239e-02 -6.664497405290603638e-02
1.392949521541595459e-01 2.011456154286861420e-02 4.079142212867736816e-02
-4.018536582589149475e-02 -1.438449043780565262e-02 8.894144743680953979e-02
3.343121707439422607e-01 2.463438510894775391e-01 1.245442777872085571e-01
8.591766655445098877e-02 1.479209214448928833e-01 1.451610922813415527e-01
-7.030323147773742676e-02 2.388570830225944519e-02 -2.008191049098968506e-01
-2.245174720883369446e-02 -1.262132823467254639e-01 -3.742445409297943115e-01
2.467780560255050659e-01 5.231304839253425598e-02 4.512221086770296097e-03
1.991088241338729858e-01 1.929298639297485352e-01 1.155438944697380066e-01
-3.068081140518188477e-01 -2.783016562461853027e-01 -8.513147383928298950e-02
-9.020200930535793304e-03 -1.319707781076431274e-01 -1.780149042606353760e-01
-3.973346203565597534e-02 -1.835685968399047852e-01 -1.246153190732002258e-01
-1.899187713861465454e-01 -2.056779116392135620e-01 -5.554547533392906189e-02
1.652362793684005737e-01 -2.341931872069835663e-02 -2.763028144836425781e-01
1.493456065654754639e-01 4.567091912031173706e-02 5.731514189392328262e-03
6.319230794906616211e-02 1.404397934675216675e-01 4.181112721562385559e-02
1.563326269388198853e-01 1.507319658994674683e-01 1.373564153909683228e-01
-5.186023563146591187e-02 5.937369540333747864e-02 1.585137248039245605e-01
-1.856657564640045166e-01 -1.231247261166572571e-01 -1.717146486043930054e-01
-9.188421815633773804e-02 -2.021840810775756836e-01 -1.673305034637451172e-02
7.617831230163574219e-02 3.285216167569160461e-02 9.538828581571578979e-02
8.605642616748809814e-02 -1.489194389432668686e-02 4.449525848031044006e-02
-8.412545174360275269e-02 5.889968946576118469e-02 1.358684152364730835e-01
-2.070014476776123047e-01 -2.962322533130645752e-02 -1.156381517648696899e-02
-2.488806284964084625e-02 -2.239121943712234497e-01 -2.187104523181915283e-01
-1.275561153888702393e-01 -1.148734539747238159e-01 -2.612471766769886017e-02
-1.085082739591598511e-01 5.537629127502441406e-02 5.345484241843223572e-02
3.676838800311088562e-02 5.309301614761352539e-02 2.020369470119476318e-01
-8.609995990991592407e-02 -1.071099936962127686e-01 -1.342074275016784668e-01
1.146283522248268127e-01 1.146638393402099609e-01 -3.542182734236121178e-03
6.003198400139808655e-02 1.492883414030075073e-01 2.778966128826141357e-01
-4.836569353938102722e-02 7.755950093269348145e-02 3.664103522896766663e-02
-7.434552162885665894e-02 -1.317683309316635132e-01 -1.799672544002532959e-01
-5.971764400601387024e-02 -4.498239979147911072e-02 -1.529663652181625366e-01
2.073535919189453125e-01 2.908949553966522217e-01 1.170588582754135132e-01
7.007938623428344727e-02 2.551910877227783203e-01 1.436553001403808594e-01
-7.415071129798889160e-02 5.409083515405654907e-02 1.709406077861785889e-01
-1.703608185052871704e-01 -3.188207000494003296e-02 2.467085048556327820e-02
-1.129410117864608765e-01 -1.176515892148017883e-01 -8.420199155807495117e-02
7.123937457799911499e-02 7.768462598323822021e-02 1.549528837203979492e-01
-1.716345548629760742e-01 2.169615961611270905e-02 -1.136687025427818298e-02
-6.890299916267395020e-02 -3.429270535707473755e-02 -1.104713529348373413e-01
-9.288764744997024536e-02 -6.430005282163619995e-02 -1.317198127508163452e-01
3.468060493469238281e-02 -2.223832998424768448e-03 -7.582755386829376221e-02
2.388796061277389526e-01 2.007315009832382202e-01 1.881817430257797241e-01
-8.427426964044570923e-02 -3.642439097166061401e-02 9.708316065371036530e-03
2.056699842214584351e-01 1.503000110387802124e-01 -8.437635004520416260e-02
3.084259331226348877e-01 3.051855564117431641e-01 2.901175618171691895e-01
-2.041541188955307007e-01 -6.651072204113006592e-02 -8.869199454784393311e-02
-5.768708884716033936e-02 3.492679074406623840e-02 2.783020026981830597e-04
3.179430961608886719e-02 1.749735921621322632e-01 -1.045329403132200241e-02
1.638686805963516235e-01 4.746311902999877930e-02 1.896298676729202271e-01
2.802409529685974121e-01 3.998251557350158691e-01 2.387395203113555908e-01
-8.042143285274505615e-02 5.109398439526557922e-02 -1.451367437839508057e-01
-1.307962685823440552e-01 -6.309031974524259567e-03 -1.809544414281845093e-01
-8.248613774776458740e-02 -1.614887267351150513e-01 -2.759656310081481934e-01
2.427595257759094238e-01 2.408940047025680542e-01 7.986659556627273560e-02
-6.697332859039306641e-02 6.046815961599349976e-02 6.388773024082183838e-02
-2.004597336053848267e-01 -1.116750985383987427e-01 -2.700435519218444824e-01
1.105520874261856079e-01 5.990185588598251343e-02 -7.108472287654876709e-02
-9.905051440000534058e-02 1.152580976486206055e-01 1.801353543996810913e-01
-1.861626803874969482e-01 -2.307378947734832764e-01 -2.348314374685287476e-01
7.153976708650588989e-02 1.750098317861557007e-01 -1.917012408375740051e-02
-1.343834251165390015e-01 -1.330389827489852905e-01 -8.042130619287490845e-02
-2.945508994162082672e-02 -6.822375115007162094e-03 -2.885187568608671427e-04
-4.409459419548511505e-03 6.172950565814971924e-02 -1.404414069838821888e-04
-4.550280794501304626e-02 -3.651557862758636475e-02 -8.651444315910339355e-02
5.665560811758041382e-02 -5.531769990921020508e-02 -1.998829096555709839e-02
-4.190835729241371155e-02 -1.569701544940471649e-02 -1.873533725738525391e-01
-2.818120829761028290e-02 -2.109315097332000732e-01 2.469358034431934357e-02
1.363782794214785099e-03 -2.161746174097061157e-01 -5.734036862850189209e-02
-8.616217225790023804e-02 -2.729166746139526367e-01 -4.824867006391286850e-03
3.645530343055725098e-02 2.637410652823746204e-04 5.266370996832847595e-02
2.156502567231655121e-03 3.654473647475242615e-02 1.015053167939186096e-01
9.880743920803070068e-02 -1.000548303127288818e-01 -2.425367571413516998e-02
4.135249555110931396e-02 9.067761898040771484e-02 5.200464278459548950e-02
5.635261908173561096e-02 3.470047563314437866e-02 -9.097988903522491455e-02
1.795963048934936523e-01 5.994455516338348389e-02 6.240239832550287247e-03
7.472601532936096191e-02 1.168652847409248352e-01 3.486927598714828491e-02
5.286199506372213364e-03 6.930354982614517212e-02 -6.042126566171646118e-02
3.850166872143745422e-02 1.857679188251495361e-01 1.637368649244308472e-01
-1.661143600940704346e-01 -4.318889603018760681e-02 -1.717334426939487457e-02
2.295868285000324249e-02 -2.033189237117767334e-01 3.267577383667230606e-03
-1.171317473053932190e-01 -3.312747478485107422e-01 -1.084536965936422348e-02
1.149431392550468445e-01 1.275351196527481079e-01 1.877459138631820679e-01
-6.249316036701202393e-02 1.754028052091598511e-01 1.981330662965774536e-01
5.029819160699844360e-02 2.238124608993530273e-01 1.184418797492980957e-01
1.196868121623992920e-01 1.133927181363105774e-01 4.518618062138557434e-02
1.038258299231529236e-01 1.593570709228515625e-01 6.261127442121505737e-02
-1.033056061714887619e-02 2.021937519311904907e-01 4.767602309584617615e-02
-2.160301506519317627e-01 -2.929677367210388184e-01 -2.998958528041839600e-01
-2.009991407394409180e-01 -2.215339094400405884e-01 -1.059621647000312805e-01
-4.950480908155441284e-02 -1.152144670486450195e-01 -2.984458580613136292e-03
-2.216062694787979126e-01 -2.097106128931045532e-01 -2.404193878173828125e-01
-2.646284103393554688e-01 -1.747595369815826416e-01 -1.238319203257560730e-01
-1.118254959583282471e-01 -1.907698065042495728e-01 8.706972002983093262e-02
-1.729983687400817871e-01 -1.165813431143760681e-01 -4.823138564825057983e-02
-9.049727767705917358e-02 -9.361533075571060181e-02 9.632870554924011230e-02
-1.440645605325698853e-01 5.657692998647689819e-02 9.605915844440460205e-02
-2.643749415874481201e-01 -3.537693917751312256e-01 -2.198529243469238281e-01
-2.522477507591247559e-01 -2.906119823455810547e-01 -2.203273922204971313e-01
-1.831855177879333496e-01 -1.987248212099075317e-01 -1.120324358344078064e-01
-3.977604955434799194e-02 2.026137895882129669e-03 2.882133796811103821e-02
-2.820901274681091309e-01 -4.440152645111083984e-02 1.216023564338684082e-01
-2.244035601615905762e-01 7.522387802600860596e-02 2.006226927042007446e-01
1.008926630020141602e-01 1.608336120843887329e-01 -1.065311729907989502e-01
1.124987080693244934e-01 1.046670973300933838e-01 -2.008996903896331787e-01
1.274938881397247314e-01 5.212078243494033813e-02 -3.429890796542167664e-02
8.246690034866333008e-02 1.159738078713417053e-01 -3.657996654510498047e-02
-3.438217565417289734e-02 3.699225932359695435e-02 -7.027253508567810059e-02
-2.235048683360219002e-03 1.062129661440849304e-01 3.035431727766990662e-02
4.193537309765815735e-02 -4.128257744014263153e-03 -9.458868205547332764e-02
9.911009669303894043e-02 2.648254111409187317e-02 2.677469328045845032e-02
-4.810662358067929745e-04 -4.258218035101890564e-02 -3.914645314216613770e-02
-2.067534625530242920e-01 -7.470696419477462769e-02 -1.094026416540145874e-01
-2.029630094766616821e-01 -2.147801071405410767e-01 -1.616751402616500854e-01
1.524875126779079437e-02 4.124371707439422607e-02 -4.894495941698551178e-03
-5.013986676931381226e-02 1.151278614997863770e-02 -1.882787048816680908e-02
1.315338462591171265e-01 5.964648351073265076e-02 4.904765635728836060e-02
1.197318956255912781e-01 1.519808918237686157e-01 1.153251379728317261e-01
-1.807729303836822510e-01 -1.121401637792587280e-01 -9.775146842002868652e-02
-6.983249634504318237e-02 -1.139823794364929199e-01 -9.352802485227584839e-02
-7.757918443530797958e-03 2.559653669595718384e-02 -7.949780672788619995e-02
1.039538979530334473e-01 7.632991671562194824e-02 1.313980817794799805e-01
-1.043986752629280090e-01 1.385368872433900833e-03 6.105761602520942688e-02
-2.099815160036087036e-01 -1.428400874137878418e-01 -8.389293402433395386e-02
6.764207035303115845e-02 1.348760165274143219e-02 7.431575562804937363e-03
1.310876905918121338e-01 8.659385889768600464e-02 1.343885064125061035e-01
-4.207034036517143250e-02 -1.491107326000928879e-02 5.948659032583236694e-02
-9.342437982559204102e-02 4.720034822821617126e-02 -1.351035665720701218e-03
-1.229555532336235046e-02 1.758810877799987793e-01 1.025512516498565674e-01
2.186192721128463745e-01 1.263335049152374268e-01 5.807099863886833191e-02
2.206769026815891266e-02 -1.146211996674537659e-01 -8.699605613946914673e-02
8.924707770347595215e-02 9.794048219919204712e-02 5.754980817437171936e-02
-2.019872069358825684e-01 -1.532989442348480225e-01 -2.562863193452358246e-02
1.022904068231582642e-01 1.751204021275043488e-02 9.295535087585449219e-02
1.040598303079605103e-01 1.094428524374961853e-01 6.810158491134643555e-02
-1.861885190010070801e-01 -9.637916088104248047e-02 1.776307006366550922e-03
1.127189770340919495e-01 7.312002778053283691e-02 1.222807243466377258e-01
-1.363976746797561646e-01 -1.246361583471298218e-01 -1.756757348775863647e-01
1.234996467828750610e-01 4.657939076423645020e-02 5.778850987553596497e-02
2.387097328901290894e-01 2.546591162681579590e-01 2.564664483070373535e-01
-1.251493096351623535e-01 1.376420911401510239e-02 1.038848310708999634e-01
2.283978313207626343e-01 1.697244793176651001e-01 1.232451125979423523e-01
1.870046705007553101e-01 2.048254907131195068e-01 2.207889854907989502e-01
-1.969980448484420776e-01 -3.822827711701393127e-02 -5.954089388251304626e-02
-9.820171445608139038e-02 -7.984957844018936157e-02 -1.180969085544347763e-02
-7.175297290086746216e-02 1.767182908952236176e-02 9.693233668804168701e-02
1.964821964502334595e-01 1.959104090929031372e-01 2.256114631891250610e-01
2.698522806167602539e-01 8.759091049432754517e-02 1.433189362287521362e-01
1.246489509940147400e-01 8.556490391492843628e-02 2.646342813968658447e-01
-4.583201929926872253e-02 -1.308255791664123535e-01 -1.867464371025562286e-02
-1.979902088642120361e-01 -6.747934967279434204e-02 -1.230495274066925049e-01
-4.987811669707298279e-02 2.520973049104213715e-02 2.277767471969127655e-02
-1.679272651672363281e-01 -1.734504401683807373e-01 4.640436172485351562e-02
-1.643747240304946899e-01 -2.987496368587017059e-02 9.746253490447998047e-03
1.559017896652221680e-01 9.044560790061950684e-02 1.273252964019775391e-01
1.804222166538238525e-02 5.232698284089565277e-03 1.377785205841064453e-01
-1.263054311275482178e-01 -5.241092666983604431e-02 -4.623429477214813232e-02
-1.441881060600280762e-01 -5.157056078314781189e-02 -8.654626458883285522e-02
-1.337230950593948364e-01 -1.221029758453369141e-01 -1.955535411834716797e-01
1.026133820414543152e-01 -9.271680563688278198e-02 -4.133310914039611816e-02
-7.278521358966827393e-02 6.903355475515127182e-03 8.845904469490051270e-02
3.924375027418136597e-02 6.830599159002304077e-02 4.917399492114782333e-03
-1.926638372242450714e-02 -9.703601151704788208e-02 -1.537564843893051147e-01
-3.496475517749786377e-02 -6.840326637029647827e-02 3.288086503744125366e-02
-5.619400739669799805e-02 -1.188256964087486267e-01 1.068232059478759766e-01
-1.044958010315895081e-01 -2.495069056749343872e-03 1.580381691455841064e-01
-4.887917265295982361e-02 -7.913693040609359741e-02 -1.586952954530715942e-01
-8.522202819585800171e-02 -1.014215406030416489e-02 -5.006370693445205688e-02
-1.877350807189941406e-01 -3.207765147089958191e-02 3.836016729474067688e-02
-2.910239063203334808e-02 1.365681272000074387e-02 1.940857619047164917e-01
8.416337519884109497e-02 3.663039766252040863e-03 7.016831636428833008e-02
1.909284442663192749e-01 3.338874131441116333e-02 -1.393373310565948486e-01
1.913025602698326111e-02 9.446237236261367798e-02 8.777032047510147095e-02
7.013760507106781006e-02 1.264609247446060181e-01 5.751079320907592773e-02
1.583403199911117554e-01 7.160892337560653687e-02 2.706045284867286682e-02
-6.414566189050674438e-02 -1.153943091630935669e-01 -1.946395486593246460e-01
-1.934447139501571655e-01 -2.025110274553298950e-01 -7.887077331542968750e-02
-2.650861144065856934e-01 -2.216076105833053589e-01 -3.317541256546974182e-02
-9.665475040674209595e-02 -1.093149743974208832e-02 9.722860157489776611e-02
3.354353597387671471e-03 7.450087368488311768e-02 3.179036825895309448e-02
1.299740970134735107e-01 1.386907398700714111e-01 1.052634976804256439e-02
4.589203372597694397e-02 1.003527864813804626e-01 1.549811363220214844e-01
4.315021634101867676e-02 2.947610244154930115e-02 1.277911826036870480e-03
1.632891446352005005e-01 9.396226704120635986e-02 5.072361603379249573e-02
8.142874389886856079e-02 1.274826377630233765e-02 1.022557318210601807e-01
-9.531475603580474854e-02 2.299207635223865509e-02 -1.943122744560241699e-01
1.742303953506052494e-03 -1.424410641193389893e-01 -1.142065152525901794e-01
-6.738289445638656616e-02 -8.869329839944839478e-02 -1.269626170396804810e-01
-1.977997869253158569e-01 -2.081348299980163574e-01 -1.570149064064025879e-01
-7.094446569681167603e-02 -2.723367214202880859e-01 -2.123424559831619263e-01
-2.307207509875297546e-02 -1.106558814644813538e-01 7.204479072242975235e-03
-5.564178526401519775e-02 4.604935646057128906e-02 -5.473120510578155518e-02
-8.610270172357559204e-02 -1.414323598146438599e-01 -6.259203702211380005e-02
-2.336169220507144928e-02 -1.061517372727394104e-01 8.317009359598159790e-02
-4.841530695557594299e-02 -1.647473126649856567e-01 1.325417608022689819e-01
-9.180229902267456055e-02 6.445789476856589317e-04 1.194813549518585205e-01
1.080601811408996582e-01 1.092890091240406036e-02 6.209396198391914368e-02
-4.260841757059097290e-02 -3.183736279606819153e-02 -8.956088870763778687e-02
-8.074422180652618408e-02 -7.625430077314376831e-02 -2.003043144941329956e-01
4.376404359936714172e-02 -3.904121927917003632e-03 1.934032142162322998e-01
1.254629343748092651e-01 1.002682745456695557e-01 1.340406481176614761e-02
5.915256962180137634e-02 -5.855717509984970093e-02 -3.060114979743957520e-01
4.332712292671203613e-02 2.062625996768474579e-02 1.493935436010360718e-01
4.156156256794929504e-02 1.391099393367767334e-01 -3.150610253214836121e-02
2.256392836570739746e-01 -7.066422700881958008e-02 -1.163928806781768799e-01
4.107364267110824585e-02 2.699666097760200500e-02 -1.555556654930114746e-01
2.356043271720409393e-02 9.393814206123352051e-02 -7.513385266065597534e-02
-1.295126825571060181e-01 1.617996767163276672e-02 8.356180042028427124e-03
-8.777950890362262726e-03 -1.175399124622344971e-01 -2.216914147138595581e-01
-2.491908222436904907e-01 -1.981700509786605835e-01 -2.331324368715286255e-01
-4.441317915916442871e-02 -8.505107462406158447e-02 -9.520452469587326050e-02
1.330257654190063477e-01 -1.321069151163101196e-01 -9.354372322559356689e-02
-1.301610022783279419e-01 -7.921798527240753174e-02 -3.967858850955963135e-02
2.554260939359664917e-02 8.401736617088317871e-02 3.282076865434646606e-02
-8.454713970422744751e-03 -1.475113630294799805e-01 9.626002609729766846e-02
-6.730739027261734009e-02 -1.289734542369842529e-01 8.876651525497436523e-02
-8.068091422319412231e-02 -1.374282389879226685e-01 -2.690555751323699951e-01
4.978356882929801941e-02 1.071899980306625366e-01 -8.768628537654876709e-02
3.330304985865950584e-03 -5.784661695361137390e-02 5.010975524783134460e-02
-3.885940462350845337e-02 1.092880070209503174e-01 1.844081878662109375e-01
7.599283754825592041e-02 3.667362779378890991e-02 -9.307364374399185181e-02
-2.018637768924236298e-02 1.513719856739044189e-01 4.285555332899093628e-02
4.063306376338005066e-02 9.595029987394809723e-03 1.613591164350509644e-01
-1.178162079304456711e-02 1.935919821262359619e-01 2.775532901287078857e-01
-6.402024626731872559e-02 1.102273538708686829e-01 9.056611359119415283e-02
-6.296761333942413330e-02 -1.578036248683929443e-01 -8.973535895347595215e-02
1.219092216342687607e-02 -4.804933816194534302e-02 -7.176402956247329712e-02
-7.571571320295333862e-02 -2.326317504048347473e-02 -1.948576979339122772e-02
1.474640332162380219e-03 6.930498778820037842e-02 1.608268357813358307e-02
1.078141182661056519e-01 1.721048727631568909e-02 -9.641532599925994873e-02
-1.211934164166450500e-02 1.038196161389350891e-01 7.674836367368698120e-02
-9.594032168388366699e-02 8.060285449028015137e-02 8.663201332092285156e-02
-1.029139682650566101e-01 1.225521415472030640e-01 8.827592432498931885e-02
-1.963716447353363037e-01 -2.425423413515090942e-01 -1.100043021142482758e-02
-1.194226145744323730e-01 -2.853806130588054657e-02 1.586521230638027191e-02
5.612736940383911133e-02 1.976800262928009033e-01 1.322015374898910522e-01
-9.516818076372146606e-02 -1.203761696815490723e-01 1.458405107259750366e-01
-1.710776984691619873e-01 -2.203548327088356018e-02 2.070636600255966187e-01
-5.616742745041847229e-02 1.788395345211029053e-01 6.928642094135284424e-02
-6.323265284299850464e-02 -8.981774002313613892e-02 9.868876636028289795e-02
-2.282568365335464478e-01 -2.445035427808761597e-02 2.322380803525447845e-02
-9.682417847216129303e-03 -6.661340594291687012e-02 -1.680612117052078247e-01
-8.076134324073791504e-02 5.955948680639266968e-02 1.897780597209930420e-02
7.669236510992050171e-02 1.318114399909973145e-01 1.899544447660446167e-01
1.176691427826881409e-01 1.421330422163009644e-01 1.804851889610290527e-01
-1.843652129173278809e-01 1.099571734666824341e-01 2.667200565338134766e-01
-2.231785953044891357e-01 9.717055410146713257e-02 3.526296019554138184e-01
-4.010962694883346558e-02 -5.483947694301605225e-02 -2.183028906583786011e-01
-1.803593151271343231e-02 -9.592071175575256348e-02 -1.710920631885528564e-01
4.597519990056753159e-03 -5.182667449116706848e-02 8.236350119113922119e-02
-8.569326251745223999e-03 9.435926564037799835e-03 -6.012769415974617004e-02
-1.105333864688873291e-01 4.604570101946592331e-03 4.809462931007146835e-03
-1.303596198558807373e-01 9.709250926971435547e-02 2.385057806968688965e-01
-9.617768228054046631e-02 -2.397240325808525085e-02 -4.099524021148681641e-02
6.468975543975830078e-02 -1.246622297912836075e-02 -6.184502039104700089e-03
3.849966824054718018e-02 -4.876640439033508301e-02 -2.109078317880630493e-01
9.401347488164901733e-03 3.213416039943695068e-01 2.208438813686370850e-01
2.132237423211336136e-03 1.282738000154495239e-01 -1.298850625753402710e-01
-4.722986742854118347e-02 -3.390328958630561829e-02 -2.375716157257556915e-02
-2.207557857036590576e-02 -4.715941473841667175e-02 1.121451845392584801e-03
-4.575468227267265320e-02 9.541130065917968750e-02 1.456293463706970215e-01
-7.363827526569366455e-02 4.291759431362152100e-02 7.691276818513870239e-02
9.837021678686141968e-02 7.238923013210296631e-02 2.521913498640060425e-02
7.357981801033020020e-02 9.220514446496963501e-02 3.997301310300827026e-02
1.511027216911315918e-01 1.217230334877967834e-01 1.606451719999313354e-02
-2.246298938989639282e-01 1.632472723722457886e-01 2.034559547901153564e-01
-7.945105433464050293e-02 -5.009170994162559509e-02 1.614427077583968639e-03
-3.992723766714334488e-03 -2.222592532634735107e-01 -2.509439587593078613e-01
-2.053183615207672119e-01 8.925759047269821167e-02 1.559564173221588135e-01
-1.032465249300003052e-01 4.420031234622001648e-02 1.510693281888961792e-01
-1.620365492999553680e-02 -2.217108905315399170e-01 -1.568337231874465942e-01
3.705832734704017639e-02 4.497293382883071899e-02 3.571245761122554541e-04
3.294255137443542480e-01 1.399386376142501831e-01 1.536455899477005005e-01
2.425678968429565430e-01 1.463034003973007202e-01 2.499545663595199585e-01
-2.883360385894775391e-01 -6.692166626453399658e-02 6.126185879111289978e-02
-2.394877821207046509e-01 -9.169286489486694336e-02 1.462739706039428711e-01
-6.341164465993642807e-03 -2.427010983228683472e-01 -1.495966762304306030e-01
-2.218387722969055176e-01 -3.647473081946372986e-02 2.022143602371215820e-01
-1.701838821172714233e-01 -5.708860605955123901e-02 1.429717093706130981e-01
6.948675960302352905e-02 -2.139858752489089966e-01 -4.917389899492263794e-02
8.783616125583648682e-03 6.322903931140899658e-02 9.636180847883224487e-02
-5.871427245438098907e-03 -9.810326993465423584e-02 -5.047519132494926453e-02
1.727972179651260376e-01 2.861009351909160614e-02 1.187772583216428757e-02
-6.462388485670089722e-02 1.423612423241138458e-02 1.805261224508285522e-01
9.986309707164764404e-02 -7.579445093870162964e-02 1.143692359328269958e-01
2.740778625011444092e-01 4.535546526312828064e-02 5.865563079714775085e-02
8.949963748455047607e-02 1.033607348799705505e-01 1.265896707773208618e-01
8.332969993352890015e-02 8.046360686421394348e-03 4.597817733883857727e-02
7.161680608987808228e-02 -1.927495189011096954e-02 7.156904786825180054e-02
-3.931201249361038208e-02 1.505548879504203796e-02 1.335144042968750000e-01
3.147395327687263489e-02 2.116575390100479126e-01 4.015855789184570312e-01
-1.945321448147296906e-03 1.701276004314422607e-01 2.583998739719390869e-01
-1.285515874624252319e-01 6.669320166110992432e-02 2.224070429801940918e-01
-5.652867630124092102e-02 -1.014184579253196716e-01 -2.362142316997051239e-02
9.779111295938491821e-02 -1.509430110454559326e-01 -1.981739848852157593e-01
-8.536699414253234863e-02 2.693205773830413818e-01 2.042561471462249756e-01
-8.354140818119049072e-02 1.290695220232009888e-01 -4.407957941293716431e-02
-8.275597542524337769e-02 -2.269117683172225952e-01 -1.786430478096008301e-01
-9.656272083520889282e-02 7.610952109098434448e-02 1.008834540843963623e-01
-4.703055322170257568e-02 -3.267731517553329468e-02 9.492987766861915588e-03
-5.809873715043067932e-02 -1.283267885446548462e-01 -2.626126110553741455e-01
1.864430904388427734e-01 2.359903603792190552e-02 -3.855844959616661072e-02
6.303112953901290894e-02 9.472151845693588257e-02 1.015510316938161850e-02
1.095097735524177551e-01 1.240570321679115295e-01 7.827631384134292603e-02
-9.253565967082977295e-02 -1.066902726888656616e-01 -5.051375180482864380e-02
-3.049826622009277344e-01 -3.292628824710845947e-01 -1.768879145383834839e-01
-2.043372951447963715e-03 -2.054672390222549438e-01 -1.261582076549530029e-01
5.267312750220298767e-03 -1.507608890533447266e-01 -1.273059397935867310e-01
3.681351989507675171e-02 -1.240554749965667725e-01 -1.382729262113571167e-01
1.000393740832805634e-02 1.001171022653579712e-01 3.156869485974311829e-02
1.673301681876182556e-02 -1.863162815570831299e-01 1.677176356315612793e-01
-2.239692360162734985e-01 -2.426519393920898438e-01 -4.551540315151214600e-02
-1.824892014265060425e-01 -3.270318508148193359e-01 -1.283036768436431885e-01
8.960071951150894165e-02 -1.301811262965202332e-02 -4.970265179872512817e-02
9.711901843547821045e-02 8.335975557565689087e-02 3.804436698555946350e-02
-5.847006663680076599e-02 1.181657761335372925e-01 8.981513231992721558e-02
5.081975087523460388e-02 -1.817751228809356689e-01 -1.916956454515457153e-01
1.230242028832435608e-01 1.875122487545013428e-01 8.571931719779968262e-02
1.367261260747909546e-01 2.208190858364105225e-01 5.827910080552101135e-02
-1.278603635728359222e-02 8.224801719188690186e-02 3.345151543617248535e-01
-3.239600360393524170e-02 1.862435787916183472e-01 -9.868244081735610962e-02
-7.495204359292984009e-02 2.360530383884906769e-02 2.428983524441719055e-02
9.905569255352020264e-02 -1.634019054472446442e-02 -2.555800080299377441e-01
8.344387263059616089e-02 2.928911894559860229e-02 6.914050132036209106e-02
-1.386452186852693558e-02 1.186658218502998352e-01 4.174751788377761841e-02
1.279684305191040039e-01 -8.073038607835769653e-02 -1.792039126157760620e-01
1.160163879394531250e-01 1.209629997611045837e-01 -2.775955200195312500e-02
-6.165206804871559143e-02 1.568523496389389038e-01 8.147258311510086060e-02
-3.923414647579193115e-02 1.583233177661895752e-01 1.879356801509857178e-01
-1.989662200212478638e-01 -3.550906851887702942e-02 -6.998474150896072388e-02
-2.626453153789043427e-02 1.205220632255077362e-02 -7.759676873683929443e-02
1.077855899930000305e-01 2.408826798200607300e-01 2.947146594524383545e-01
-5.834777280688285828e-02 1.373862326145172119e-01 3.395508974790573120e-02
-1.531757414340972900e-02 8.177361637353897095e-02 -2.414125390350818634e-02
1.515441089868545532e-01 2.651338875293731689e-01 2.650999128818511963e-01
7.079585641622543335e-02 -3.417513146996498108e-02 4.781717434525489807e-02
1.340362243354320526e-02 -6.584037095308303833e-02 -8.456401526927947998e-02
-8.294800296425819397e-03 1.738998107612133026e-02 5.696399603039026260e-04
2.459898740053176880e-01 6.532002985477447510e-02 -6.647939980030059814e-02
9.112727642059326172e-02 1.323525607585906982e-01 -3.603608906269073486e-02
1.253571808338165283e-01 2.614024877548217773e-01 1.905550956726074219e-01
2.728071808815002441e-02 1.647648364305496216e-01 2.052367031574249268e-01
-7.406110316514968872e-02 1.958229988813400269e-01 1.370879411697387695e-01
-6.788762658834457397e-02 -1.463878303766250610e-01 -2.075942307710647583e-01
-3.246752545237541199e-02 -9.035646170377731323e-02 -6.629716604948043823e-02
4.256657790392637253e-03 1.271403580904006958e-02 -4.048293828964233398e-02
1.113536730408668518e-01 1.191924437880516052e-01 2.366874925792217255e-02
8.424846827983856201e-02 2.846796438097953796e-02 7.792679592967033386e-03
-1.162982545793056488e-02 1.924506425857543945e-01 1.142612621188163757e-01
-3.513018414378166199e-02 -6.570045650005340576e-02 -2.831693552434444427e-02
-1.465339809656143188e-01 -1.977173984050750732e-01 -1.811018586158752441e-01
-6.739364005625247955e-03 -9.360717982053756714e-02 -1.083419322967529297e-01
8.356729149818420410e-02 -1.113647688180208206e-02 2.096010595560073853e-01
-1.344035267829895020e-01 -3.216810151934623718e-02 1.066169813275337219e-01
-6.773577630519866943e-02 -7.426715642213821411e-02 1.155381947755813599e-01
-1.347714513540267944e-01 -5.879639089107513428e-02 -1.201964244246482849e-01
-1.102654784917831421e-01 2.389970794320106506e-02 9.417849779129028320e-02
-2.418293990194797516e-02 -3.824684023857116699e-02 -5.566590931266546249e-03
-2.711988240480422974e-02 1.854098886251449585e-01 3.484871413093060255e-04
3.840629383921623230e-02 1.025487035512924194e-01 -1.060537472367286682e-01
9.923112392425537109e-02 5.158004909753799438e-02 -9.243782609701156616e-02
6.973580457270145416e-03 -1.411055177450180054e-01 1.899504810571670532e-01
-1.770750246942043304e-02 -1.136743500828742981e-01 1.864201202988624573e-02
-4.948746785521507263e-02 -2.423175126314163208e-01 7.547248899936676025e-02
3.084429167211055756e-02 -1.448709815740585327e-01 1.030464470386505127e-01
1.018757000565528870e-01 -6.741273403167724609e-02 1.612561345100402832e-01
1.325284540653228760e-01 -4.696064069867134094e-02 -6.722752749919891357e-02
-7.776705175638198853e-02 3.297074465081095695e-03 -1.167586445808410645e-01
-4.957631602883338928e-02 -1.647086255252361298e-02 -4.853309318423271179e-02
-2.296084910631179810e-02 6.279101129621267319e-03 2.689881063997745514e-02
1.257739067077636719e-01 -1.105613261461257935e-02 -7.942813634872436523e-02
2.295945212244987488e-02 4.972992464900016785e-02 -2.121990732848644257e-02
1.637928634881973267e-01 -1.725048944354057312e-02 -2.357368730008602142e-02
7.539372891187667847e-02 -1.046883389353752136e-01 4.287857934832572937e-02
8.644874207675457001e-03 -4.203104972839355469e-02 -3.392019122838973999e-02
6.332416832447052002e-02 -1.513963341712951660e-01 -4.280760884284973145e-02
1.450835540890693665e-02 7.818964868783950806e-02 1.845356523990631104e-01
2.407339215278625488e-02 -5.077298358082771301e-02 -8.576000481843948364e-02
-8.457434177398681641e-02 4.786142334342002869e-02 -5.571969598531723022e-02
4.858348146080970764e-02 5.560903623700141907e-02 -2.595120482146739960e-02
3.789881616830825806e-02 -4.981837049126625061e-02 -1.490402668714523315e-01
8.654484152793884277e-02 2.158840186893939972e-02 1.358378585427999496e-02
5.757327890023589134e-04 1.300812661647796631e-01 5.108163505792617798e-02
-4.588517174124717712e-02 -9.439681307412683964e-04 -1.657026708126068115e-01
-1.291455118916928768e-04 8.661382645368576050e-02 -9.859424829483032227e-02
-1.662237048149108887e-01 -7.243970781564712524e-02 -1.192423403263092041e-01
-1.046164631843566895e-01 -2.478794939815998077e-02 1.045934557914733887e-01
-2.336332574486732483e-02 3.319126367568969727e-02 1.903316080570220947e-01
8.965645730495452881e-02 2.385934814810752869e-02 4.291867092251777649e-02
1.429947465658187866e-01 -9.271208941936492920e-02 -1.890238672494888306e-01
7.688740640878677368e-02 -5.219942331314086914e-02 -1.409412771463394165e-01
8.080751448869705200e-02 -9.793101996183395386e-02 1.836984455585479736e-01
-2.608716674149036407e-02 -1.629260331392288208e-01 2.151073813438415527e-01
1.689117169007658958e-03 -8.628986030817031860e-02 1.078917831182479858e-02
5.893815308809280396e-02 -8.995385468006134033e-02 2.049917578697204590e-01
2.380694635212421417e-02 -1.721835285425186157e-01 6.538855284452438354e-02
4.437722731381654739e-03 -9.949162602424621582e-02 6.104818079620599747e-03
7.604690641164779663e-02 7.733514159917831421e-02 7.492901384830474854e-02
4.329185932874679565e-03 6.235486641526222229e-02 -3.135762363672256470e-02
5.465897172689437866e-02 1.218408942222595215e-01 -1.560194883495569229e-02
2.125519216060638428e-01 -1.020276844501495361e-01 -3.288597166538238525e-01
-6.406819075345993042e-02 -5.820639431476593018e-02 -8.341318927705287933e-03
5.359180644154548645e-02 1.918391138315200806e-01 -6.270774453878402710e-02
7.538694143295288086e-02 2.123688906431198120e-01 1.324975043535232544e-01
-5.610249936580657959e-02 4.083666577935218811e-02 1.130772903561592102e-01
-4.119244113098829985e-04 -1.161095723509788513e-01 -1.334580034017562866e-01
-1.060967147350311279e-01 -3.786761313676834106e-02 1.407849974930286407e-02
-7.051539421081542969e-02 6.090248376131057739e-02 1.885711587965488434e-02
-2.677108645439147949e-01 -1.396461725234985352e-01 -1.220611557364463806e-01
-5.336343869566917419e-02 8.182289451360702515e-02 -4.774728417396545410e-02
-1.408390998840332031e-01 -5.820692330598831177e-02 3.291951119899749756e-02
1.118092313408851624e-01 2.100666016340255737e-01 1.631769686937332153e-01
-1.118962559849023819e-02 1.568955779075622559e-01 2.368129491806030273e-01
-8.043684810400009155e-02 -1.926854699850082397e-01 -1.312584280967712402e-01
-3.039555391296744347e-03 -3.423201665282249451e-02 -2.062726207077503204e-02
-1.048952713608741760e-01 -2.409773319959640503e-02 -7.013134658336639404e-02
1.892531216144561768e-01 1.173694506287574768e-01 -2.506477385759353638e-02
1.058276668190956116e-01 6.391569972038269043e-02 -6.130970269441604614e-02
-7.346405833959579468e-02 8.185210824012756348e-02 1.478027701377868652e-01
-4.396428167819976807e-02 -8.635140210390090942e-02 -2.166865468025207520e-01
1.668543368577957153e-02 -1.227231249213218689e-01 1.633759401738643646e-02
-1.464023441076278687e-02 1.269964575767517090e-01 2.941491454839706421e-02
-5.679877474904060364e-02 -2.065093815326690674e-01 -1.781842261552810669e-01
1.389053463935852051e-01 1.157309561967849731e-01 4.406626522541046143e-02
1.131694987416267395e-01 -1.003530547022819519e-01 -2.686795890331268311e-01
8.457566052675247192e-02 2.268001437187194824e-01 2.205833047628402710e-01
2.354205697774887085e-01 3.439787924289703369e-01 2.524729371070861816e-01
-1.942758820950984955e-02 -6.917551159858703613e-02 -1.017718575894832611e-02
2.487215995788574219e-01 1.308250278234481812e-01 1.581513285636901855e-01
2.537727057933807373e-01 3.590715229511260986e-01 1.592822819948196411e-01
5.990532226860523224e-03 -6.793557107448577881e-02 -1.190023347735404968e-01
7.071699947118759155e-02 1.223409920930862427e-01 6.367868930101394653e-02
2.206126600503921509e-01 2.605745494365692139e-01 3.402781486511230469e-02
1.262940764427185059e-01 4.436349272727966309e-01 3.693246543407440186e-01
1.420372426509857178e-01 3.141061663627624512e-01 1.344352066516876221e-01
1.270163208246231079e-01 -2.553166747093200684e-01 -2.014832198619842529e-01
-5.424382910132408142e-02 -1.597789824008941650e-01 -1.623214930295944214e-01
2.037583887577056885e-01 2.220553606748580933e-01 1.235471516847610474e-01
2.380696982145309448e-01 1.705627590417861938e-01 2.167741507291793823e-01
4.807612299919128418e-02 7.734603714197874069e-03 -8.023919165134429932e-02
-1.452823281288146973e-01 -1.788337379693984985e-01 -4.505414888262748718e-02
1.341594457626342773e-01 1.765993982553482056e-01 1.248709708452224731e-01
7.529992610216140747e-02 -4.612982273101806641e-02 -1.030202805995941162e-01
-4.948216304183006287e-02 -1.344562768936157227e-01 8.077927678823471069e-02
2.038651108741760254e-01 2.400990277528762817e-01 1.836550831794738770e-01
-7.691891491413116455e-02 -1.999693512916564941e-01 -1.260467916727066040e-01
2.017856203019618988e-02 1.128903497010469437e-02 -6.187322735786437988e-02
-6.246226653456687927e-02 -5.379516631364822388e-02 -1.189234331250190735e-01
-6.078693643212318420e-02 4.907671362161636353e-02 8.229977637529373169e-02
-9.712526202201843262e-02 2.321037054061889648e-01 2.824348509311676025e-01
1.520581990480422974e-01 1.107071712613105774e-01 1.343580782413482666e-01
-3.892070055007934570e-02 1.139464974403381348e-01 8.455313742160797119e-02
1.444298177957534790e-01 1.397636979818344116e-01 4.349279403686523438e-02
1.392333209514617920e-01 9.690581262111663818e-02 -4.912250116467475891e-02
2.835161983966827393e-02 6.286355108022689819e-02 1.777393668889999390e-01
8.165427297353744507e-02 1.140752434730529785e-01 5.720876157283782959e-02
8.835971355438232422e-02 1.558658927679061890e-01 7.806774973869323730e-02
3.327640146017074585e-02 1.353295892477035522e-02 -1.057434752583503723e-01
-1.351352632045745850e-01 -2.808476686477661133e-01 1.396055072546005249e-01
-1.643420308828353882e-01 -8.880208432674407959e-02 1.774969995021820068e-01
2.040889263153076172e-01 1.201098412275314331e-01 6.257437169551849365e-02
8.189867436885833740e-02 -7.834885269403457642e-02 -1.071837544441223145e-01
-1.016120612621307373e-01 -2.251698076725006104e-01 -3.832282498478889465e-02
-3.209508582949638367e-02 -3.614811226725578308e-02 2.097964845597743988e-02
1.909923106431961060e-01 6.355258077383041382e-02 -1.005177292972803116e-02
1.020567938685417175e-01 3.520360216498374939e-03 -1.328624668531119823e-03
1.976621299982070923e-01 1.916587650775909424e-01 6.684488616883754730e-03
4.550264403223991394e-02 3.602243587374687195e-02 -3.224331140518188477e-01
-1.636060476303100586e-01 -1.795459538698196411e-01 -7.031059358268976212e-03
1.770810037851333618e-01 1.335218250751495361e-01 -6.973973661661148071e-02
8.080447092652320862e-03 5.095159867778420448e-04 -1.604344397783279419e-01
-1.443261653184890747e-01 -1.403039097785949707e-01 -9.569264366291463375e-04
3.421755507588386536e-03 -3.680165484547615051e-02 -1.273627299815416336e-02
-4.583886638283729553e-02 1.031261757016181946e-01 1.908483356237411499e-01
8.835070580244064331e-02 3.683827444911003113e-02 1.490159183740615845e-01
-7.826793193817138672e-02 -1.649337559938430786e-01 -1.302295625209808350e-01
4.814587160944938660e-02 6.151480227708816528e-02 4.570898786187171936e-02
7.691429555416107178e-02 -6.752402335405349731e-02 1.987883634865283966e-02
-6.640775501728057861e-02 -9.124954044818878174e-02 2.193903364241123199e-02
-6.838467717170715332e-02 1.431424468755722046e-01 1.148498430848121643e-01
-9.037265554070472717e-03 3.707395121455192566e-02 -1.922532246680930257e-04
8.616869151592254639e-02 5.244839936494827271e-02 -7.030625641345977783e-02
2.363212257623672485e-01 1.141648069024085999e-01 -1.125449016690254211e-01
1.051945313811302185e-01 -1.056851819157600403e-01 -1.892173737287521362e-01
-7.298373430967330933e-02 -2.109228819608688354e-01 -3.759795725345611572e-01
-1.464564800262451172e-01 -2.499626278877258301e-01 -9.226385504007339478e-02
-1.292279362678527832e-01 -1.308324337005615234e-01 5.739856511354446411e-02
-8.344436064362525940e-03 -1.753579527139663696e-01 -2.204284816980361938e-01
-2.550524175167083740e-01 -1.554150730371475220e-01 1.834013462066650391e-01
-2.472028434276580811e-01 -1.949197798967361450e-02 2.188510149717330933e-01
6.806743144989013672e-02 -9.029863029718399048e-02 -2.075060606002807617e-01
-1.937544196844100952e-01 -2.810464799404144287e-01 1.529115736484527588e-01
-1.033618003129959106e-01 -1.072601005434989929e-01 1.962282657623291016e-01
2.091318927705287933e-02 7.341462653130292892e-03 1.530804187059402466e-01
1.025775894522666931e-01 1.611679643392562866e-01 1.166953742504119873e-01
6.111332401633262634e-02 1.213539689779281616e-01 -5.935572553426027298e-03
-6.879770010709762573e-02 -1.574178338050842285e-01 -1.710914634168148041e-02
-2.152076661586761475e-01 -2.695521414279937744e-01 -2.569126188755035400e-01
-1.212286427617073059e-01 -2.170370519161224365e-01 -2.357325702905654907e-01
7.543984055519104004e-02 1.185949612408876419e-02 5.950362235307693481e-02
-2.888497896492481232e-02 6.107290461659431458e-02 -1.221041604876518250e-01
1.264870017766952515e-01 1.101772263646125793e-01 -4.607065394520759583e-02
-1.854635477066040039e-01 -6.601152569055557251e-02 3.768837451934814453e-02
-1.301130056381225586e-01 -1.955183446407318115e-01 1.592646092176437378e-01
4.066565260291099548e-02 -1.638619303703308105e-01 -1.801350414752960205e-01
-4.028528928756713867e-02 -4.712704569101333618e-03 4.028328135609626770e-02
-1.004698872566223145e-01 -2.385668456554412842e-02 3.459227830171585083e-02
-1.783360391855239868e-01 -8.824165910482406616e-02 -2.900990366470068693e-04
2.137747704982757568e-01 1.460496783256530762e-01 -6.064038351178169250e-02
1.220871880650520325e-01 1.336625069379806519e-01 -7.187267765402793884e-03
-8.786030113697052002e-03 1.107460409402847290e-01 1.217500567436218262e-01
-1.109771579504013062e-01 -2.672278694808483124e-02 2.532827258110046387e-01
-6.708952039480209351e-02 1.133626103401184082e-01 3.017603754997253418e-01
-5.587010458111763000e-02 -7.262444496154785156e-02 -1.315678954124450684e-01
1.834006793797016144e-02 5.410293117165565491e-02 1.988669112324714661e-02
4.821613896638154984e-03 6.916943937540054321e-02 -4.231164976954460144e-02
-2.188871651887893677e-01 -4.127824679017066956e-02 9.286583214998245239e-02
2.471904084086418152e-02 3.203536942601203918e-02 5.242525041103363037e-02
-6.752377841621637344e-03 1.985581405460834503e-02 6.945521384477615356e-02
-9.150569885969161987e-02 5.258139222860336304e-03 1.454067528247833252e-01
-1.364305019378662109e-01 2.517041191458702087e-02 -4.712354391813278198e-02
-7.125542312860488892e-02 -1.782022602856159210e-02 6.457207351922988892e-02
1.070578675717115402e-02 -1.975720971822738647e-01 -2.515221200883388519e-02
-1.284765750169754028e-01 3.920387476682662964e-02 8.981892466545104980e-02
-2.819871157407760620e-02 1.264052093029022217e-01 2.970622777938842773e-01
7.643764372915029526e-03 -1.668873578310012817e-01 2.214586585760116577e-01
-4.373447224497795105e-02 1.641202569007873535e-01 1.584898531436920166e-01
-5.548591911792755127e-02 -5.564006976783275604e-03 2.488453984260559082e-01
-4.514553118497133255e-03 -2.873937785625457764e-01 1.382614970207214355e-01
5.142092332243919373e-02 -5.325175821781158447e-02 3.569090366363525391e-02
2.236645817756652832e-01 6.125842034816741943e-02 -4.355881735682487488e-02
1.695747077465057373e-01 1.985482573509216309e-01 8.827187120914459229e-02
9.834302216768264771e-02 1.651885062456130981e-01 4.171661287546157837e-02
-7.583397626876831055e-02 1.187817007303237915e-01 2.585928738117218018e-01
-2.521208822727203369e-01 -1.270950138568878174e-01 3.006746768951416016e-01
-2.026445604860782623e-02 -9.660281240940093994e-02 -1.484469044953584671e-02
-2.615257911384105682e-02 9.493485093116760254e-03 -1.637757271528244019e-01
-4.708363488316535950e-02 2.859472669661045074e-02 -2.266049385070800781e-02
9.183447808027267456e-02 9.839664399623870850e-02 -4.725939035415649414e-02
-7.812819629907608032e-02 7.159703224897384644e-02 -4.747618362307548523e-02
-1.302742511034011841e-01 -6.258086301386356354e-03 9.148795902729034424e-02
-6.953718513250350952e-02 -1.525195091962814331e-01 8.120704442262649536e-04
2.452469058334827423e-02 -2.384881377220153809e-01 -1.643970161676406860e-01
9.479055553674697876e-02 -3.429289162158966064e-02 -2.156397700309753418e-01
-6.029764190316200256e-02 -1.483418792486190796e-01 -1.284788399934768677e-01
-1.796320825815200806e-01 -1.465646773576736450e-01 -3.110655583441257477e-02
-1.976600140333175659e-01 -3.114723265171051025e-01 -1.758435219526290894e-01
-7.150559872388839722e-02 2.188199013471603394e-02 1.329443752765655518e-01
2.658636868000030518e-02 -8.880439400672912598e-02 -1.338634341955184937e-01
9.481152147054672241e-02 6.051040813326835632e-02 5.369903519749641418e-02
-8.049166202545166016e-02 7.439417392015457153e-02 8.432327210903167725e-02
-1.900244355201721191e-01 -1.633716225624084473e-01 3.934412822127342224e-02
-2.327943742275238037e-01 -3.249654173851013184e-01 -1.793692260980606079e-01
-2.540623769164085388e-02 -1.805155128240585327e-01 -2.474330216646194458e-01
1.714383214712142944e-01 1.271466314792633057e-01 1.909873038530349731e-01
7.669533789157867432e-02 4.094308987259864807e-02 9.668934345245361328e-02
2.421809593215584755e-03 -1.381919682025909424e-01 -4.811725020408630371e-02
8.708050847053527832e-02 -4.094211384654045105e-02 -8.420241624116897583e-02
1.662554740905761719e-01 1.284612864255905151e-01 2.074552625417709351e-01
-1.401655934751033783e-02 1.280428022146224976e-01 7.565058022737503052e-02
8.598161488771438599e-02 1.107612475752830505e-01 1.847254037857055664e-01
-1.545391231775283813e-01 -7.061151415109634399e-02 8.379983715713024139e-03
-2.487634494900703430e-02 -1.657457202672958374e-01 -1.046954691410064697e-01
5.157310143113136292e-02 -1.699670404195785522e-01 -1.094303801655769348e-01
1.002866402268409729e-01 1.047037690877914429e-01 4.370722547173500061e-02
-7.731393724679946899e-02 -5.668329447507858276e-02 -1.419533789157867432e-01
4.477902129292488098e-02 9.907153435051441193e-03 -6.289212405681610107e-02
1.217098236083984375e-01 1.835574656724929810e-01 1.744902282953262329e-01
1.305083483457565308e-01 1.217589527368545532e-01 -4.403452575206756592e-02
1.250205188989639282e-01 1.945036500692367554e-01 2.547743916511535645e-01
3.127920255064964294e-02 6.257862597703933716e-02 4.773476161062717438e-03
1.981301009654998779e-01 1.674546152353286743e-01 1.533957868814468384e-01
1.671357303857803345e-01 2.643482983112335205e-01 2.504468262195587158e-01
8.978922665119171143e-02 2.447092235088348389e-01 1.661134958267211914e-01
4.409733414649963379e-02 3.322371095418930054e-02 -2.094077877700328827e-02
1.890532821416854858e-01 1.729186922311782837e-01 1.269380301237106323e-01
-2.798707596957683563e-02 1.315782312303781509e-02 7.811539620161056519e-02
-6.101159006357192993e-02 7.138355076313018799e-02 8.220811188220977783e-02
7.044824212789535522e-02 -7.003097236156463623e-02 -2.975178696215152740e-02
3.744123876094818115e-01 3.198866546154022217e-01 7.858484238386154175e-02
1.373096108436584473e-01 3.943549096584320068e-02 -1.022693440318107605e-01
3.665874898433685303e-01 3.302063047885894775e-01 1.672851443290710449e-01
1.511407941579818726e-01 2.221716344356536865e-01 1.030580550432205200e-01
-1.316530108451843262e-01 -1.713860630989074707e-01 -1.339299827814102173e-01
-3.087643347680568695e-02 -6.005118135362863541e-03 1.631817370653152466e-01
-3.037081472575664520e-02 9.106365591287612915e-02 -5.286904517561197281e-03
5.120291560888290405e-02 -2.604584023356437683e-02 -1.691603958606719971e-01
1.160550639033317566e-01 1.632649004459381104e-01 1.512306034564971924e-01
1.517369896173477173e-01 1.825731247663497925e-01 1.828293502330780029e-01
-4.691350832581520081e-02 -3.024136833846569061e-02 -1.151028461754322052e-02
-7.396913319826126099e-02 -1.628188490867614746e-01 7.023524376563727856e-04
-2.418389618396759033e-01 -3.072828054428100586e-01 -2.323873043060302734e-01
2.001896798610687256e-01 3.477769792079925537e-01 -4.928623884916305542e-02
3.721681535243988037e-01 5.304981395602226257e-02 -1.354070845991373062e-02
5.278089269995689392e-02 -4.470497369766235352e-02 -8.337268978357315063e-02
1.258619129657745361e-01 -2.220182865858078003e-02 2.387660741806030273e-01
-7.174360752105712891e-02 9.176838397979736328e-02 1.255798041820526123e-01
-4.199282824993133545e-02 7.238897681236267090e-02 4.175726696848869324e-02
1.160708665847778320e-01 -9.545727819204330444e-02 7.002056390047073364e-02
-8.281562477350234985e-02 -6.533059477806091309e-02 3.258931636810302734e-01
5.089077726006507874e-02 1.917411834001541138e-01 2.005373537540435791e-01
1.278770528733730316e-02 1.915338039398193359e-01 1.923080720007419586e-02
1.508455574512481689e-01 7.294307649135589600e-02 -2.388688623905181885e-01
8.729526400566101074e-02 -3.832182660698890686e-02 -1.123828366398811340e-01
-1.737532317638397217e-01 -3.543147072196006775e-02 1.617656499147415161e-01
-1.164091601967811584e-01 8.658278733491897583e-02 -9.176474064588546753e-02
-3.671952337026596069e-02 5.469304695725440979e-02 -1.551729440689086914e-01
-5.384926218539476395e-03 -1.215705797076225281e-01 -1.776074916124343872e-01
-3.096196651458740234e-01 -3.156568408012390137e-01 -1.695412546396255493e-01
-1.438278853893280029e-01 -2.422868162393569946e-01 4.950441047549247742e-02
-2.121175080537796021e-01 5.065401270985603333e-02 2.292166799306869507e-01
-9.838836640119552612e-02 7.548958808183670044e-02 1.424619257450103760e-01
8.452706038951873779e-02 1.420224756002426147e-01 -1.218957230448722839e-01
-1.301327049732208252e-01 -2.704965136945247650e-02 4.237580299377441406e-02
-2.346570603549480438e-03 4.069707915186882019e-02 -5.357351154088973999e-02
7.650945335626602173e-02 9.216291457414627075e-02 -1.463860422372817993e-01
1.239808127284049988e-01 1.335463523864746094e-01 -8.206120133399963379e-02
1.016749888658523560e-01 -6.299632042646408081e-02 -1.441916972398757935e-01
-1.700927615165710449e-01 -1.103926077485084534e-01 5.073759704828262329e-02
-1.437050551176071167e-01 -1.188090965151786804e-01 -1.400184482336044312e-01
-2.630989551544189453e-01 -3.653521239757537842e-01 -2.732581794261932373e-01
-2.550531625747680664e-01 -2.531149685382843018e-01 2.124400250613689423e-02
1.212008744478225708e-01 -1.396312098950147629e-02 9.729554876685142517e-03
1.111743673682212830e-01 -1.479330379515886307e-02 1.640440374612808228e-01
3.666588664054870605e-02 1.860505193471908569e-01 1.673628091812133789e-01
-1.351695358753204346e-01 -2.169749438762664795e-01 1.706097275018692017e-02
-2.931540310382843018e-01 -2.622877955436706543e-01 -9.412922710180282593e-02
-1.688188165426254272e-01 -1.113601699471473694e-01 -1.156273633241653442e-01
-7.024081051349639893e-02 -8.001793175935745239e-02 -1.430832892656326294e-01
-1.095117107033729553e-01 -2.174612283706665039e-01 -1.253464370965957642e-01
-8.279008418321609497e-02 2.094971947371959686e-02 8.248064666986465454e-03
1.025062054395675659e-01 2.337817400693893433e-01 1.372656822204589844e-01
1.494424641132354736e-01 1.356289684772491455e-01 -2.434264719486236572e-01
8.885196596384048462e-02 2.654855884611606598e-02 -9.959499537944793701e-02
9.347765147686004639e-02 2.553748488426208496e-01 -4.823697730898857117e-03
1.516729891300201416e-01 3.343265131115913391e-02 -3.166805505752563477e-01
1.107564046978950500e-01 -1.324673891067504883e-01 -5.083381757140159607e-02
8.917644619941711426e-02 -3.114002384245395660e-02 -5.467098951339721680e-02
-2.745474874973297119e-02 -2.084440737962722778e-01 1.666807532310485840e-01
-2.062717638909816742e-02 6.248059123754501343e-02 1.500058174133300781e-01
-6.089510396122932434e-02 -2.782757207751274109e-02 9.032422304153442383e-02
-1.889625787734985352e-01 -2.428127080202102661e-01 -1.275324225425720215e-01
-2.396126389503479004e-01 -1.413511633872985840e-01 -1.782666891813278198e-01
7.765933126211166382e-02 -8.993917703628540039e-02 -1.211079359054565430e-01
4.231493175029754639e-02 -1.158856526017189026e-01 -1.344120651483535767e-01
1.457445919513702393e-01 5.653811618685722351e-02 1.445326954126358032e-01
2.859589178115129471e-03 -1.016136109828948975e-01 2.701359242200851440e-02
-3.020546436309814453e-01 -1.450422406196594238e-01 -1.992331445217132568e-01
-7.801655679941177368e-02 -2.144282013177871704e-01 -1.183913424611091614e-01
8.748251199722290039e-02 -8.075633645057678223e-02 1.950963167473673820e-03
9.956245124340057373e-02 8.343738317489624023e-02 1.365210860967636108e-01
-1.110208705067634583e-01 -7.211571186780929565e-02 4.914910066872835159e-03
-5.163557454943656921e-02 -1.410636752843856812e-01 -9.751598536968231201e-02
1.506560295820236206e-01 1.323705166578292847e-01 1.310322135686874390e-01
1.164020821452140808e-01 4.385143890976905823e-02 1.214557141065597534e-01
-5.292094871401786804e-02 -2.920127846300601959e-02 -5.519525706768035889e-02
-3.144191578030586243e-02 1.520210057497024536e-01 -5.347110331058502197e-02
-5.857561156153678894e-02 -8.853004127740859985e-02 -4.137786477804183960e-02
4.675500467419624329e-02 -1.030914187431335449e-01 -1.101510450243949890e-01
9.276930242776870728e-02 8.977328240871429443e-02 5.221662297844886780e-02
1.658353954553604126e-02 5.884952098131179810e-02 -9.546576999127864838e-03
2.169055864214897156e-02 -1.074245870113372803e-01 1.427549310028553009e-02
5.128277838230133057e-02 9.312967211008071899e-02 -1.072286255657672882e-02
1.201620604842901230e-02 2.638215199112892151e-02 1.182616949081420898e-01
1.173764169216156006e-01 1.049384400248527527e-01 1.062597483396530151e-01
7.359080761671066284e-02 8.011370897293090820e-02 -2.622736059129238129e-02
-8.049887418746948242e-02 -1.090548858046531677e-01 -1.362480223178863525e-01
5.436562001705169678e-03 8.418074250221252441e-02 1.421179175376892090e-01
6.562139373272657394e-03 5.777437984943389893e-02 4.702191054821014404e-02
-8.797464519739151001e-02 -5.629752203822135925e-02 3.132014721632003784e-02
6.936123967170715332e-02 1.323554366827011108e-01 2.950403839349746704e-02
-2.408949285745620728e-02 1.373773515224456787e-01 -4.851822555065155029e-02
-1.598634123802185059e-01 -8.595427125692367554e-02 -1.818299479782581329e-02
-9.724394418299198151e-03 -7.200720906257629395e-02 -9.722788631916046143e-02
8.822597563266754150e-03 1.628952845931053162e-02 -2.872694842517375946e-02
2.859860956668853760e-01 2.002990394830703735e-01 1.064736917614936829e-01
1.429581642150878906e-01 1.431234925985336304e-01 1.507028937339782715e-01
1.705434471368789673e-01 8.861833810806274414e-02 1.161114051938056946e-01
-2.850887477397918701e-01 -1.049665808677673340e-01 -9.823224507272243500e-03
-1.114888233132660389e-03 -1.077785063534975052e-02 6.423337757587432861e-02
-1.865148358047008514e-02 -9.040686488151550293e-02 4.234045371413230896e-02
-1.631895601749420166e-01 -2.078847885131835938e-01 -2.578877657651901245e-02
3.523306921124458313e-02 7.209680229425430298e-02 8.463067002594470978e-03
4.974728077650070190e-02 7.123155891895294189e-02 2.135427147150039673e-01
-4.535400494933128357e-02 -3.191196173429489136e-02 1.243371367454528809e-01
-3.511122195050120354e-03 -8.872769027948379517e-02 9.866320528090000153e-03
-1.700852662324905396e-01 -2.191895246505737305e-01 -1.550828218460083008e-01
-4.963151738047599792e-02 -9.583847224712371826e-02 -1.289398372173309326e-01
-6.656563282012939453e-02 2.051903605461120605e-01 1.373152881860733032e-01
1.251668483018875122e-01 5.286498740315437317e-02 -7.930725067853927612e-02
-6.774679571390151978e-02 2.848929911851882935e-02 -7.000798941589891911e-04
9.218264371156692505e-02 3.698001429438591003e-02 9.015547484159469604e-02
-3.915080428123474121e-02 1.512628644704818726e-01 8.155426383018493652e-02
1.663761585950851440e-01 1.635883450508117676e-01 1.015495359897613525e-01
-4.320910945534706116e-02 -1.067759692668914795e-01 -1.926039606332778931e-01
-8.013541996479034424e-02 -2.336025387048721313e-01 -2.433678507804870605e-02
-1.900283396244049072e-01 1.381113976240158081e-01 1.558739095926284790e-01
-1.298567354679107666e-01 5.075774714350700378e-02 1.469806879758834839e-01
1.283184289932250977e-01 9.893989562988281250e-02 -3.879005461931228638e-02
-5.094655603170394897e-02 -7.579170912504196167e-02 -1.654344238340854645e-02
1.271910592913627625e-02 -9.908972680568695068e-02 -4.255742952227592468e-02
-6.898576021194458008e-02 -4.590678960084915161e-02 -1.719096302986145020e-02
2.042016386985778809e-02 1.385319046676158905e-02 -2.465789206326007843e-02
-4.158355668187141418e-02 -2.407882362604141235e-01 -1.543711274862289429e-01
-3.577573969960212708e-02 -1.482805013656616211e-01 -1.269869953393936157e-01
1.881063170731067657e-02 7.119650393724441528e-02 -1.144257411360740662e-01
4.748732596635818481e-02 -1.145397350192070007e-01 -6.101698800921440125e-02
3.320101648569107056e-02 -2.501750364899635315e-02 9.155243635177612305e-02
3.742483258247375488e-02 5.708479136228561401e-02 -8.611565083265304565e-02
5.993188545107841492e-02 -3.092118538916110992e-02 -2.798572555184364319e-02
6.680216640233993530e-02 -6.687952205538749695e-03 3.761581331491470337e-02
5.739030987024307251e-02 6.290659308433532715e-02 -4.985052719712257385e-02
-5.776768550276756287e-02 1.252568513154983521e-01 8.040556311607360840e-02
1.943799108266830444e-01 2.169801667332649231e-02 -1.306312233209609985e-01
-3.435227274894714355e-02 -8.385733701288700104e-03 2.537014149129390717e-02
-2.487995624542236328e-01 -1.712808310985565186e-01 -1.839074939489364624e-01
-1.321192597970366478e-03 -3.684597089886665344e-02 -1.574431806802749634e-01
7.572048902511596680e-02 1.630307734012603760e-02 6.962919235229492188e-02
1.316940635442733765e-01 1.057154238224029541e-01 5.090191494673490524e-03
1.504338532686233521e-01 1.872930116951465607e-02 7.703238725662231445e-02
-6.177995819598436356e-03 1.463908404111862183e-01 8.898709714412689209e-02
8.490306138992309570e-02 3.693990781903266907e-02 6.617750227451324463e-02
-4.441777989268302917e-02 -4.892537742853164673e-02 -5.566080287098884583e-02
8.561776578426361084e-02 -3.432778175920248032e-03 -1.119784191250801086e-01
2.644380554556846619e-03 2.919146418571472168e-02 -2.746283076703548431e-03
1.811346709728240967e-01 -1.198292374610900879e-01 -1.921972781419754028e-01
-5.715267732739448547e-02 -7.680930197238922119e-03 -8.412406593561172485e-02
-7.789690792560577393e-02 1.222837939858436584e-01 1.670675128698348999e-01
5.666748806834220886e-02 9.563887119293212891e-02 -3.820878639817237854e-02
6.868560612201690674e-02 -7.866108417510986328e-02 2.802003361284732819e-02
-9.485378116369247437e-02 8.586504310369491577e-02 1.228374019265174866e-01
2.057209312915802002e-01 1.629599332809448242e-01 -5.039442703127861023e-02
4.333509504795074463e-02 -3.327379748225212097e-02 2.515142410993576050e-02
-7.950975000858306885e-02 -8.044464141130447388e-02 -1.608687639236450195e-01
-8.338654786348342896e-02 -8.509366214275360107e-02 -7.010588049888610840e-02
-1.421463340520858765e-01 2.865687757730484009e-02 -4.673793911933898926e-02
1.779323071241378784e-01 2.210375815629959106e-01 8.911325037479400635e-02
1.171533018350601196e-02 1.668343693017959595e-01 4.687471687793731689e-02
-8.777960389852523804e-02 -3.154492750763893127e-02 -2.104600667953491211e-01
8.037706464529037476e-02 6.147585064172744751e-02 8.153039216995239258e-02
6.833030376583337784e-03 3.662333264946937561e-02 2.404651045799255371e-02
-4.279886186122894287e-02 -1.054548770189285278e-01 -7.327770441770553589e-02
7.222315669059753418e-02 -1.994584500789642334e-02 -1.971469819545745850e-02
9.620701521635055542e-02 4.889382794499397278e-02 1.217227205634117126e-01
1.396207977086305618e-02 4.761295020580291748e-02 8.140681684017181396e-02
-8.935073018074035645e-02 3.818475827574729919e-02 -4.776225425302982330e-03
1.005899831652641296e-01 -2.667410299181938171e-03 -9.396488778293132782e-03
1.406183242797851562e-01 2.079410292208194733e-02 9.534426778554916382e-02
-1.354259997606277466e-01 1.379076577723026276e-02 1.140578463673591614e-01
-1.260697990655899048e-01 -8.776293694972991943e-02 -5.865895748138427734e-02
7.366658654063940048e-03 8.971882611513137817e-02 2.943342924118041992e-02
1.554338354617357254e-02 -8.700548112392425537e-02 -2.416456490755081177e-01
-9.076265245676040649e-02 -2.264692038297653198e-01 -9.503469616174697876e-02
-1.616561710834503174e-01 -2.265100479125976562e-01 4.763506352901458740e-02
-5.353158712387084961e-02 4.711885750293731689e-02 4.307875037193298340e-02
-7.664214074611663818e-02 4.686137288808822632e-02 8.073853701353073120e-02
-1.126602198928594589e-02 9.076132439076900482e-03 -4.475255962461233139e-03
-2.553181536495685577e-02 -2.841408737003803253e-02 6.540145725011825562e-02
-7.983513921499252319e-02 1.177906151860952377e-02 7.985518872737884521e-02
-7.172511424869298935e-03 8.595302700996398926e-02 6.553534418344497681e-02
8.029901236295700073e-02 7.533686608076095581e-02 -1.373853683471679688e-01
2.164692617952823639e-02 -6.634815782308578491e-02 -4.644646123051643372e-02
6.579248607158660889e-02 -9.479282051324844360e-02 3.502650186419487000e-02
-7.565243169665336609e-03 -1.005627140402793884e-01 -1.205395609140396118e-01
-1.006925031542778015e-01 -2.281256765127182007e-01 -1.508674472570419312e-01
-5.836335197091102600e-02 -2.095390409231185913e-01 2.083585038781166077e-02
-7.873311638832092285e-03 3.211612254381179810e-02 9.659879654645919800e-02
5.545702204108238220e-02 1.883566007018089294e-02 2.124594151973724365e-01
6.841459870338439941e-02 2.787110395729541779e-02 5.139841139316558838e-02
-1.263001263141632080e-01 -2.489096522331237793e-01 4.806856065988540649e-02
-2.545110881328582764e-01 -1.584097146987915039e-01 -1.231465712189674377e-01
-1.579274386167526245e-01 -6.549213081598281860e-02 8.965371549129486084e-02
5.391428247094154358e-02 3.750751167535781860e-02 -5.708004906773567200e-02
8.136601001024246216e-02 -9.254870563745498657e-02 -3.561685979366302490e-02
7.689059525728225708e-02 8.070574700832366943e-02 4.793465137481689453e-02
7.610031217336654663e-02 2.233115434646606445e-01 1.171551272273063660e-01
1.027513891458511353e-01 1.456485390663146973e-01 1.806179992854595184e-02
-2.465297468006610870e-02 4.027830809354782104e-02 -2.177265472710132599e-02
5.922042578458786011e-02 1.523628532886505127e-01 9.011402726173400879e-02
1.017765551805496216e-01 1.659555733203887939e-02 -5.748877674341201782e-02
3.972463309764862061e-02 6.076403707265853882e-02 3.398206830024719238e-02
8.776517212390899658e-02 2.233023568987846375e-02 -1.425595954060554504e-02
6.109832972288131714e-02 -7.438032329082489014e-02 8.446839451789855957e-02
-6.764141470193862915e-02 1.517942361533641815e-02 -1.318612694740295410e-01
5.160506442189216614e-02 2.037069350481033325e-01 -9.670251607894897461e-02
-1.314914077520370483e-01 -4.574454575777053833e-02 1.438678652048110962e-01
1.096119638532400131e-02 1.472063511610031128e-01 3.208334743976593018e-02
-1.355492621660232544e-01 -4.377333074808120728e-02 2.734751813113689423e-02
5.954686179757118225e-02 2.012654095888137817e-01 -6.962072075111791492e-05
3.160896524786949158e-02 8.283586241304874420e-03 4.898392595350742340e-03
-6.025301292538642883e-03 -2.666721493005752563e-02 7.114727050065994263e-02
-5.654946714639663696e-02 5.591219663619995117e-02 7.347017526626586914e-02
-1.407667994499206543e-02 3.799574449658393860e-02 1.375464489683508873e-03
2.031446695327758789e-01 1.117643192410469055e-01 1.566658169031143188e-02
-7.017306983470916748e-02 -1.209564879536628723e-01 -2.283558845520019531e-01
-1.505620479583740234e-01 -8.835375308990478516e-02 2.388611668720841408e-03
1.979761123657226562e-01 1.612351089715957642e-01 9.374892711639404297e-02
2.576423287391662598e-01 1.999393105506896973e-01 -1.043753325939178467e-01
-2.008022665977478027e-01 -2.301101237535476685e-01 -1.225901469588279724e-01
-1.071129515767097473e-01 -8.261599391698837280e-02 -1.285332888364791870e-01
1.310066226869821548e-02 2.852119039744138718e-03 -4.881040751934051514e-02
1.565723866224288940e-01 2.091153115034103394e-01 5.991439521312713623e-02
4.276570305228233337e-02 1.363076716661453247e-01 1.584973186254501343e-01
1.249408870935440063e-01 1.845089197158813477e-01 -8.622813224792480469e-02
-2.480967640876770020e-01 -2.452499270439147949e-01 -1.192299947142601013e-01
2.774584852159023285e-02 2.044854760169982910e-01 3.516073524951934814e-02
2.494122274219989777e-02 6.955562531948089600e-02 -1.505520343780517578e-01
-1.916349679231643677e-01 -1.066393330693244934e-01 -1.108367368578910828e-01
1.653520739637315273e-03 -8.296852558851242065e-02 -2.450988441705703735e-01
-1.925365328788757324e-01 -1.018037497997283936e-01 7.297234237194061279e-02
1.990848034620285034e-01 1.154380962252616882e-01 7.132100313901901245e-02
-1.869465708732604980e-01 -1.729584932327270508e-01 -2.192692309617996216e-01
-2.028546780347824097e-01 -1.914356648921966553e-01 -1.794663816690444946e-01
1.900988221168518066e-01 2.404275387525558472e-01 7.859434932470321655e-02
-1.574876718223094940e-02 5.615425109863281250e-02 -1.671606302261352539e-01
-8.687040954828262329e-02 -4.026584327220916748e-02 8.220849186182022095e-02
4.748241603374481201e-02 6.937447935342788696e-02 7.779226638376712799e-03
-1.629847288131713867e-01 5.339231342077255249e-03 -2.930968999862670898e-02
3.146238923072814941e-01 2.743504643440246582e-01 -6.903118453919887543e-03
2.935375869274139404e-01 4.357726871967315674e-02 -1.645945608615875244e-01
-5.463421344757080078e-02 -5.752191320061683655e-02 -3.433213829994201660e-01
-1.700507402420043945e-01 -2.609415948390960693e-01 -3.339469134807586670e-01
-2.614008821547031403e-02 -7.153382152318954468e-02 1.876078546047210693e-02
1.454635113477706909e-01 1.557826846837997437e-01 -8.442009240388870239e-02
-8.018834143877029419e-02 -9.323564171791076660e-02 -1.810089349746704102e-01
-2.477975636720657349e-01 -1.014830321073532104e-01 5.568285658955574036e-02
1.091774180531501770e-01 2.084041833877563477e-01 -9.199818223714828491e-02
-1.486702859401702881e-01 -8.235316723585128784e-02 -1.548665612936019897e-01
-2.250477112829685211e-02 -7.579363137483596802e-02 -4.828937724232673645e-02
-3.911247849464416504e-02 -5.148821324110031128e-02 -2.032282203435897827e-02
4.078087210655212402e-02 3.285866230726242065e-02 6.620573694817721844e-04
1.404353529214859009e-01 1.325106173753738403e-01 3.292391076683998108e-02
1.036970987915992737e-01 2.547815628349781036e-02 2.721840441226959229e-01
1.214347258210182190e-01 2.704150974750518799e-01 1.444711983203887939e-01
1.217791959643363953e-01 3.306959569454193115e-02 7.670809328556060791e-02
8.281292766332626343e-02 1.398212611675262451e-01 3.892011567950248718e-02
1.679067127406597137e-02 -7.391645759344100952e-02 -4.328847862780094147e-03
4.524491727352142334e-03 1.152415126562118530e-01 1.168989464640617371e-01
-1.612246595323085785e-02 -1.164848729968070984e-02 -1.386808902025222778e-01
4.713423922657966614e-02 -1.952551454305648804e-01 -1.432320326566696167e-01
-1.801898330450057983e-01 -8.127953857183456421e-02 1.514452695846557617e-01
-1.093969121575355530e-01 -1.100050136446952820e-01 1.425919234752655029e-01
-7.669833302497863770e-02 1.383420079946517944e-01 7.647670805454254150e-02
2.265064865350723267e-01 1.290379464626312256e-01 -7.855203002691268921e-02
-7.141847908496856689e-02 -1.336039304733276367e-01 -4.796022549271583557e-02
-1.048131883144378662e-01 -1.749345362186431885e-01 2.767106518149375916e-03
-4.721867293119430542e-02 1.063118129968643188e-01 -5.010685883462429047e-03
-3.012220549862831831e-04 -4.379656538367271423e-02 -1.324333697557449341e-01
-1.245304793119430542e-01 -2.218206226825714111e-01 -3.478362858295440674e-01
-1.229627281427383423e-01 -1.152362376451492310e-01 -1.635368168354034424e-01
7.975549250841140747e-02 -1.545370370149612427e-01 -8.400440216064453125e-02
-1.518169324845075607e-02 -1.509312689304351807e-01 1.558578163385391235e-01
-2.603315562009811401e-02 1.003918945789337158e-01 1.356766372919082642e-01
4.505867883563041687e-02 -1.462097465991973877e-01 -2.602840214967727661e-02
-6.040876731276512146e-03 5.484043434262275696e-02 2.953522605821490288e-03
8.419225364923477173e-02 1.143498197197914124e-01 3.922614827752113342e-02
5.915822833776473999e-02 1.385815441608428955e-01 2.105576545000076294e-01
7.313369959592819214e-02 1.006258726119995117e-01 -1.163639500737190247e-01
2.056108564138412476e-01 -4.759671539068222046e-02 -1.992599964141845703e-01
-4.521542787551879883e-02 -1.368120163679122925e-01 -1.521521210670471191e-01
-1.418700814247131348e-01 -1.778097599744796753e-01 -3.459751009941101074e-01
3.408278897404670715e-02 -2.308011613786220551e-02 -1.733038872480392456e-01
-6.497237086296081543e-02 7.025077939033508301e-02 4.682220146059989929e-02
1.114567369222640991e-01 1.452854275703430176e-01 -1.030819490551948547e-01
1.412476599216461182e-01 1.878763549029827118e-02 1.492384076118469238e-02
-4.150440916419029236e-03 2.768087200820446014e-02 -4.126850515604019165e-02
-1.497126072645187378e-01 -1.943508386611938477e-01 -9.607189893722534180e-02
-1.660748273134231567e-01 -8.831271529197692871e-02 -6.933625787496566772e-02
3.691055998206138611e-02 6.718959659337997437e-02 4.376203566789627075e-02
2.144343592226505280e-02 7.897957414388656616e-02 -1.113397032022476196e-01
2.418715655803680420e-01 -1.603887230157852173e-01 -8.261443674564361572e-02
-1.269029919058084488e-02 -1.251086592674255371e-02 1.956738084554672241e-01
-3.100617229938507080e-02 2.012893855571746826e-01 2.199786603450775146e-01
2.240172177553176880e-01 2.015965282917022705e-01 -1.273157745599746704e-01
-1.177809089422225952e-01 -2.914995886385440826e-02 2.518023252487182617e-01
5.549982190132141113e-02 1.971801817417144775e-01 1.750917434692382812e-01
2.103148847818374634e-01 1.456118673086166382e-01 -1.168605387210845947e-01
-7.139294594526290894e-02 -9.428995102643966675e-02 -8.249536156654357910e-02
3.689044620841741562e-03 5.522301048040390015e-02 -2.033744305372238159e-01
-1.286984533071517944e-01 -7.699970901012420654e-02 1.086964039131999016e-03
9.758412837982177734e-02 1.258047670125961304e-01 3.038499057292938232e-01
1.720485389232635498e-01 2.863307893276214600e-01 2.131839543581008911e-01
2.224614322185516357e-01 6.333016604185104370e-02 8.154423534870147705e-02
3.481711819767951965e-02 9.738542721606791019e-04 -5.003526434302330017e-02
-9.975030273199081421e-02 -2.584391646087169647e-02 1.063829585909843445e-01
6.090587005019187927e-02 6.585915386676788330e-02 1.260785162448883057e-01
1.990327388048171997e-01 8.460387587547302246e-02 -1.593787819147109985e-01
-1.498845666646957397e-01 -1.256917864084243774e-01 -1.248714998364448547e-01
-1.110559627413749695e-01 1.469444781541824341e-01 9.468261152505874634e-02
-1.063087880611419678e-01 8.044368773698806763e-02 1.799813956022262573e-01
1.260076314210891724e-01 1.647841036319732666e-01 2.761831879615783691e-02
1.239973679184913635e-01 9.254665672779083252e-02 4.102284833788871765e-02
-1.749742031097412109e-01 -1.193973496556282043e-01 -2.162910997867584229e-02
-1.832728087902069092e-01 7.413695752620697021e-02 7.006090879440307617e-02
1.447386946529150009e-02 9.368635714054107666e-02 -4.092300310730934143e-02
-1.620313152670860291e-02 -1.238060593605041504e-01 -2.306050956249237061e-01
-1.179756000638008118e-01 -2.322496771812438965e-01 -3.667512536048889160e-01
-1.281749159097671509e-01 -1.704218983650207520e-01 -1.597476005554199219e-01
-1.433666050434112549e-01 -1.721542626619338989e-01 3.118642047047615051e-02
-2.237064242362976074e-01 -7.768775522708892822e-02 7.883442193269729614e-02
7.715901732444763184e-02 8.069506287574768066e-02 8.174728602170944214e-02
-1.774647533893585205e-01 -1.605130732059478760e-01 4.283845052123069763e-02
-9.077084809541702271e-02 1.050361096858978271e-01 -2.293914929032325745e-02
1.091078072786331177e-01 -2.598477713763713837e-02 5.157659295946359634e-03
7.492127269506454468e-02 9.298766031861305237e-03 4.500539973378181458e-02
9.485573321580886841e-02 3.711016103625297546e-02 1.755306683480739594e-02
5.324568226933479309e-02 5.457648634910583496e-02 1.251494288444519043e-01
-1.529608070850372314e-01 -1.746489256620407104e-01 -1.308090835809707642e-01
-7.685415446758270264e-02 -1.968398541212081909e-01 -2.466054707765579224e-01
-1.583617776632308960e-01 -2.561718225479125977e-01 -6.463307887315750122e-02
1.082438528537750244e-01 -5.948888720013201237e-04 8.524961769580841064e-02
1.160523816943168640e-01 8.549535274505615234e-02 -9.410203434526920319e-03
7.993588596582412720e-02 1.579408198595046997e-01 2.080908715724945068e-01
-4.927467927336692810e-02 -1.571495644748210907e-02 -1.339351385831832886e-01
-2.031996101140975952e-01 -2.614996731281280518e-01 5.088181421160697937e-02
-6.870421022176742554e-02 -5.738443136215209961e-02 4.977669566869735718e-02
-8.333724737167358398e-02 6.782628595829010010e-02 -5.137375742197036743e-02
-7.172200363129377365e-03 3.075012005865573883e-02 2.133364975452423096e-02
7.239160686731338501e-02 -4.478522762656211853e-02 -5.176900327205657959e-02
2.807741612195968628e-02 1.801774501800537109e-01 1.868218928575515747e-01
2.395186722278594971e-01 1.340741217136383057e-01 6.954760104417800903e-02
1.845580935478210449e-01 4.259622097015380859e-02 3.108084201812744141e-02
-7.402362674474716187e-02 -6.107907742261886597e-03 1.934458762407302856e-01
1.962512433528900146e-01 1.668218374252319336e-01 1.327635198831558228e-01
1.888497769832611084e-01 2.575199864804744720e-02 8.576451241970062256e-02
7.852931320667266846e-02 -1.993684843182563782e-02 -9.627820551395416260e-02
-4.153832420706748962e-02 1.244058739393949509e-02 -1.973932385444641113e-01
-1.088561862707138062e-01 -1.533488631248474121e-01 -1.011757329106330872e-01
1.858033388853073120e-01 -3.214590623974800110e-02 6.770905107259750366e-02
1.789665222167968750e-01 2.190160751342773438e-02 -2.925920300185680389e-02
-3.702047839760780334e-02 -7.578372210264205933e-02 4.585530608892440796e-02
-2.399149350821971893e-02 1.446504294872283936e-01 8.318995125591754913e-03
-9.842558205127716064e-02 1.026998311281204224e-01 6.316310167312622070e-02
-2.339992858469486237e-02 -4.432902485132217407e-02 3.150651603937149048e-02
8.462264388799667358e-02 1.272490471601486206e-01 1.084128692746162415e-01
5.408839136362075806e-02 1.895792186260223389e-01 1.581156998872756958e-02
1.090752258896827698e-01 6.740690767765045166e-02 1.072872728109359741e-01
4.795237630605697632e-02 -1.497736871242523193e-01 -1.402226239442825317e-01
9.794384241104125977e-02 -6.307929009199142456e-02 -1.338152140378952026e-01
1.621233969926834106e-01 -1.382857933640480042e-02 -7.621780037879943848e-02
1.379147986881434917e-03 5.667322874069213867e-02 -6.063992157578468323e-02
3.378001227974891663e-02 -7.928999513387680054e-02 -2.189830541610717773e-01
1.448430716991424561e-01 -1.203156169503927231e-02 -5.871328338980674744e-02
1.196780577301979065e-01 9.260268509387969971e-02 9.219572693109512329e-02
5.903017520904541016e-02 2.333686947822570801e-01 1.940967887639999390e-01
7.712374627590179443e-02 9.445995092391967773e-02 2.541172504425048828e-01
1.180133223533630371e-01 -2.206783927977085114e-02 4.466281086206436157e-02
1.404971033334732056e-01 7.723185420036315918e-02 -2.548288106918334961e-01
1.049578785896301270e-01 5.234406515955924988e-02 -4.661380872130393982e-02
5.177405476570129395e-02 -4.681075736880302429e-02 -5.664615705609321594e-02
1.326589435338973999e-01 -1.323512569069862366e-02 -6.243652105331420898e-02
1.485649645328521729e-01 1.485218554735183716e-01 -6.108843162655830383e-02
7.396038621664047241e-02 -1.288962550461292267e-02 1.091424003243446350e-01
1.537252366542816162e-01 1.174768134951591492e-01 5.241999402642250061e-02
-1.144677177071571350e-01 1.100366711616516113e-01 6.850556284189224243e-02
5.708695575594902039e-02 1.365228593349456787e-01 9.231187403202056885e-02
5.023820698261260986e-02 2.501405477523803711e-01 1.217597946524620056e-01
3.106201440095901489e-02 2.201525866985321045e-01 1.626825481653213501e-01
9.625371545553207397e-02 5.190890654921531677e-02 4.054681584239006042e-02
6.463370472192764282e-02 1.691811233758926392e-01 7.782438397407531738e-02
-4.706813767552375793e-02 1.108214929699897766e-01 1.176786646246910095e-01
1.124000847339630127e-01 1.764488965272903442e-01 1.223965734243392944e-01
-1.867178827524185181e-01 1.287823468446731567e-01 1.797985583543777466e-01
2.714439295232295990e-02 -6.576255708932876587e-02 2.396588027477264404e-02
3.269111365079879761e-02 3.675536066293716431e-02 -8.260469883680343628e-02
2.513012886047363281e-01 7.322841137647628784e-02 -4.288733378052711487e-02
1.781376749277114868e-01 1.617363840341567993e-01 9.651592001318931580e-03
5.923091992735862732e-02 -2.023301422595977783e-01 -1.254208683967590332e-01
1.104570552706718445e-01 -1.739316433668136597e-01 -1.101173460483551025e-01
5.221782252192497253e-02 -2.793657593429088593e-02 -1.497083455324172974e-01
-7.991614192724227905e-02 -7.772352546453475952e-02 -1.179931759834289551e-01
5.420263856649398804e-02 -3.340094909071922302e-02 -1.255162507295608521e-01
9.605030715465545654e-02 -6.468801200389862061e-02 -7.412353903055191040e-02
1.439805980771780014e-02 8.139995485544204712e-02 2.405341342091560364e-02
1.069414541125297546e-01 1.348273549228906631e-02 1.323089301586151123e-01
-2.898710966110229492e-02 9.462405927479267120e-03 1.746609956026077271e-01
-1.476834267377853394e-01 -2.499812655150890350e-02 1.515269577503204346e-01
-1.188413947820663452e-01 -2.622154355049133301e-01 -1.251783818006515503e-01
-1.852713078260421753e-01 -3.376511037349700928e-01 -7.745705544948577881e-02
1.437952858395874500e-03 -2.855167724192142487e-02 1.796663738787174225e-02
-6.679181475192308426e-03 -2.203460223972797394e-02 1.171185169368982315e-02
3.826536936685442924e-03 1.348585933446884155e-01 1.421552449464797974e-01
-1.562283486127853394e-01 -1.604614108800888062e-01 -4.170336946845054626e-02
-1.761019229888916016e-01 -1.996600478887557983e-01 -2.117397189140319824e-01
-1.359960585832595825e-01 -1.542425900697708130e-02 1.338407117873430252e-02
-2.598803862929344177e-02 9.175734966993331909e-02 1.378898024559020996e-01
-4.886125400662422180e-02 7.072923332452774048e-02 1.307047456502914429e-01
-2.026415318250656128e-01 -2.794284522533416748e-01 -4.048551619052886963e-02
7.870378345251083374e-02 -1.224595010280609131e-01 -1.104500610381364822e-02
5.387104302644729614e-02 1.511029899120330811e-01 1.814287900924682617e-01
1.263517886400222778e-03 -3.810373321175575256e-02 9.663152694702148438e-02
-1.430145800113677979e-01 -5.910564213991165161e-02 3.299100697040557861e-02
-5.117553472518920898e-02 1.518976390361785889e-01 -1.623318046331405640e-01
3.328720852732658386e-02 1.532078981399536133e-01 8.081516623497009277e-02
1.795355081558227539e-01 -1.183047592639923096e-01 -1.229793652892112732e-01
4.239980876445770264e-02 8.572465926408767700e-02 1.361321955919265747e-01
-2.605856396257877350e-02 3.489222005009651184e-02 -1.975818164646625519e-02
1.470111310482025146e-01 3.647971525788307190e-02 -2.475655823945999146e-02
1.219511702656745911e-01 1.371507626026868820e-02 6.452748924493789673e-02
-6.450232118368148804e-02 -5.416763201355934143e-02 1.645132782869040966e-03
-6.124226003885269165e-02 1.463578194379806519e-01 2.452213317155838013e-01
2.575726062059402466e-02 -2.593410015106201172e-02 3.838193789124488831e-02
7.509768474847078323e-04 -7.319783419370651245e-02 -5.055293906480073929e-03
-5.500387400388717651e-03 6.655279546976089478e-02 1.826036572456359863e-01
-1.973009202629327774e-03 7.770757377147674561e-02 -1.681580394506454468e-02
2.264009416103363037e-02 3.474428877234458923e-02 9.365534782409667969e-02
6.465614587068557739e-02 1.551648080348968506e-01 2.723604738712310791e-01
5.258144438266754150e-02 1.371670812368392944e-01 6.679200381040573120e-02
-1.731692105531692505e-01 -9.970099478960037231e-02 -7.476411014795303345e-02
-6.571698188781738281e-02 -5.329060927033424377e-02 6.633203942328691483e-03
1.903762221336364746e-01 1.457152515649795532e-01 2.071297764778137207e-01
1.532436311244964600e-01 2.595849633216857910e-01 3.494123816490173340e-01
1.455532908439636230e-01 2.250660508871078491e-01 1.501738280057907104e-01
-9.115102887153625488e-02 8.092674612998962402e-02 1.370933651924133301e-01
-2.861783802509307861e-01 -2.362030595541000366e-01 -1.757488697767257690e-01
-4.591654986143112183e-02 -1.249235216528177261e-02 2.850767970085144043e-02
-1.005872562527656555e-01 -1.219620630145072937e-01 -1.753512537106871605e-03
-2.286237478256225586e-01 -2.635876536369323730e-01 -1.255609989166259766e-01
1.407617628574371338e-01 1.322306543588638306e-01 6.561432033777236938e-02
1.669356226921081543e-02 1.067455783486366272e-01 1.603060811758041382e-01
-2.484049797058105469e-01 -2.262599468231201172e-01 1.659137010574340820e-02
-1.627979129552841187e-01 -3.016129136085510254e-02 2.523951791226863861e-02
-8.313554525375366211e-02 -1.825798749923706055e-01 -2.458086907863616943e-01
8.208053559064865112e-02 -2.617596276104450226e-02 4.103988758288323879e-04
2.189703844487667084e-02 1.430298108607530594e-02 -3.926047310233116150e-02
1.866125762462615967e-01 1.278849989175796509e-01 6.944630295038223267e-02
2.853765189647674561e-01 1.322577744722366333e-01 1.595064997673034668e-01
-8.355134166777133942e-03 1.381785720586776733e-01 4.789914563298225403e-02
-4.181537404656410217e-02 8.804196119308471680e-02 4.883448407053947449e-02
-7.442825287580490112e-02 3.983443602919578552e-02 6.377933919429779053e-02
-3.280898183584213257e-02 1.168856620788574219e-01 1.442288607358932495e-01
1.991583220660686493e-02 4.812574759125709534e-02 1.520449817180633545e-01
7.605378329753875732e-02 4.041448235511779785e-02 -1.628991216421127319e-01
-2.576648592948913574e-01 -1.989312171936035156e-01 -1.374532431364059448e-01
-2.525136768817901611e-01 1.315924432128667831e-02 1.520772930234670639e-03
5.086595937609672546e-02 2.008062452077865601e-01 2.664287090301513672e-01
-1.734102070331573486e-01 -2.474165707826614380e-02 -1.864460557699203491e-01
-4.266237318515777588e-01 -2.845383286476135254e-01 -2.509374916553497314e-01
-1.650699973106384277e-01 2.653975412249565125e-02 9.157658368349075317e-02
-4.170694854110479355e-03 7.891925424337387085e-02 7.581746578216552734e-02
-3.865962848067283630e-02 4.325877875089645386e-02 9.159933030605316162e-02
-2.059287391602993011e-02 8.011423051357269287e-03 1.181221902370452881e-01
-2.458497136831283569e-01 -8.369882404804229736e-02 -2.716625928878784180e-01
-5.052727460861206055e-01 -5.548721179366111755e-02 -1.663929075002670288e-01
-2.763487100601196289e-01 -1.008987799286842346e-01 3.162875771522521973e-03
-1.805536299943923950e-01 -1.095428466796875000e-01 -2.850584089756011963e-01
-2.855729162693023682e-01 -5.058879032731056213e-02 -1.274320930242538452e-01
-7.654472440481185913e-02 4.033957421779632568e-02 1.298301219940185547e-01
7.168694585561752319e-02 1.286993622779846191e-01 9.623277187347412109e-02
1.945904642343521118e-02 1.592404693365097046e-01 2.408949732780456543e-01
2.405029535293579102e-02 6.038508564233779907e-02 1.905212104320526123e-01
-9.385957568883895874e-02 -4.991999361664056778e-03 7.800126075744628906e-02
-4.658495634794235229e-02 6.721803545951843262e-02 2.118856459856033325e-01
-3.262338787317276001e-02 7.065840810537338257e-02 1.120786517858505249e-01
-7.584656774997711182e-02 -1.345264166593551636e-02 9.401103015989065170e-04
-6.132149696350097656e-02 1.226386800408363342e-01 1.951149553060531616e-01
-3.137432783842086792e-02 1.111203804612159729e-01 1.896575838327407837e-02
2.005868852138519287e-01 1.711457818746566772e-01 1.427717208862304688e-01
1.807948350906372070e-01 6.312336027622222900e-02 2.279763855040073395e-02
3.115617483854293823e-02 9.106927365064620972e-02 1.322064846754074097e-01
-2.995809316635131836e-01 -2.056125551462173462e-01 -2.358742952346801758e-01
-2.031702995300292969e-01 1.228443458676338196e-01 2.066640555858612061e-01
-5.836794897913932800e-02 1.186329722404479980e-01 1.094617098569869995e-01
-1.039313524961471558e-01 -2.978749573230743408e-01 -1.950781941413879395e-01
-9.472225606441497803e-02 -1.640599966049194336e-01 8.056384325027465820e-02
8.467210084199905396e-02 1.999624222517013550e-01 9.543083608150482178e-02
-3.141329884529113770e-01 -2.896964550018310547e-01 -1.959963291883468628e-01
-2.133484780788421631e-01 -3.763196989893913269e-02 7.224476337432861328e-02
8.462635427713394165e-02 2.176424264907836914e-01 2.519686520099639893e-01
1.609853096306324005e-02 2.731242775917053223e-02 1.391925662755966187e-01
1.184349805116653442e-01 1.269381046295166016e-01 9.933070838451385498e-02
1.817195564508438110e-01 1.123093664646148682e-01 -2.187840454280376434e-02
2.781515568494796753e-02 8.657997846603393555e-02 -3.904577344655990601e-02
-3.027288243174552917e-02 8.357550017535686493e-03 -3.834574669599533081e-02
2.431421279907226562e-01 2.352507561445236206e-01 -6.278782337903976440e-02
4.841232672333717346e-02 1.017300859093666077e-01 1.249601468443870544e-01
7.503451406955718994e-02 9.338269382715225220e-02 3.957498073577880859e-02
-1.061478108167648315e-01 -6.851516664028167725e-02 -5.994109902530908585e-03
-6.648593116551637650e-03 4.042817279696464539e-02 4.798616096377372742e-02
2.571325749158859253e-02 7.700231671333312988e-02 2.812694571912288666e-02
2.465768903493881226e-02 -6.394901778548955917e-03 1.022931840270757675e-02
7.944554835557937622e-02 1.433801352977752686e-01 -7.806073874235153198e-02
-3.016965091228485107e-01 -1.832436323165893555e-01 -1.626073569059371948e-01
8.548153936862945557e-02 5.984840914607048035e-02 1.308768987655639648e-02
2.131121456623077393e-01 1.877333074808120728e-01 6.120064854621887207e-02
-1.854871213436126709e-02 8.216853439807891846e-02 -2.097926735877990723e-01
-1.824804097414016724e-01 -1.159561872482299805e-01 -6.656049191951751709e-02
3.756574168801307678e-02 -3.074427507817745209e-02 -5.325771868228912354e-02
1.465194076299667358e-01 1.500314027070999146e-01 9.629485756158828735e-02
1.061273217201232910e-01 1.484061628580093384e-01 1.308694928884506226e-01
1.485474854707717896e-01 9.897901117801666260e-02 4.365219548344612122e-02
6.292985286563634872e-03 -4.286092892289161682e-02 -5.287050455808639526e-02
-2.626059949398040771e-01 -4.274917766451835632e-02 -8.394296467304229736e-02
1.075449213385581970e-01 1.487757861614227295e-01 -1.562469173222780228e-02
-1.518892943859100342e-01 -1.229388266801834106e-01 -1.510323286056518555e-01
-5.736642703413963318e-02 -4.036220535635948181e-02 -6.911399960517883301e-02
-1.242760941386222839e-02 -3.313309280201792717e-03 -2.250412851572036743e-02
-7.727255672216415405e-02 -6.230698898434638977e-03 8.037275075912475586e-02
2.174326777458190918e-01 9.761860221624374390e-02 1.047258302569389343e-01
-6.967904418706893921e-02 -1.344051361083984375e-01 -1.526077985763549805e-01
8.892973512411117554e-02 -4.983695968985557556e-02 -1.208935212343931198e-02
2.269729375839233398e-01 1.789063662290573120e-01 1.446943432092666626e-01
-3.850364312529563904e-02 -9.742447733879089355e-02 -1.517571359872817993e-01
-9.694825112819671631e-02 1.679085078649222851e-03 -4.032891243696212769e-02
1.035445705056190491e-01 1.509811282157897949e-01 8.134929090738296509e-02
1.555453985929489136e-01 7.757319509983062744e-02 1.146424114704132080e-01
3.112271726131439209e-01 1.528022885322570801e-01 -8.735755085945129395e-02
5.364895984530448914e-02 -3.647379577159881592e-02 -6.793074309825897217e-02
-6.352605670690536499e-02 -7.287249714136123657e-02 -2.200019210577011108e-01
-1.803461462259292603e-01 -1.629143655300140381e-01 -2.846688926219940186e-01
1.812063157558441162e-01 2.047443389892578125e-01 1.166351214051246643e-01
-2.152118459343910217e-02 2.986766025424003601e-02 -1.711532175540924072e-01
-2.250546365976333618e-01 -2.155623286962509155e-01 -2.249928265810012817e-01
1.518879830837249756e-01 9.960884600877761841e-02 -5.840709432959556580e-03
9.908071160316467285e-02 1.775361299514770508e-01 -1.095111519098281860e-01
-3.819150030612945557e-01 -2.804906368255615234e-01 -1.190989315509796143e-01
1.483010351657867432e-01 1.803856045007705688e-01 1.117176860570907593e-01
-1.395431458950042725e-01 -4.985458031296730042e-02 -1.767488755285739899e-02
5.761541053652763367e-02 4.099412262439727783e-02 4.514554142951965332e-02
1.319769173860549927e-01 8.993031829595565796e-02 2.818356454372406006e-02
