0.0234216005
0.0431628488
-0.0210813507
0.0469677523
0.0181417298
0.0326253064
-0.0135639878
-0.00245913817
-0.00676363613
0.0380350538
0.0171110518
0.0615542643
-0.0593614727
-0.109608062
0.00312091666
-0.0032864341
-0.0145619176
-0.0722614378
0.0347877555
0.00808330905
-0.0393612832
0.0272917487
0.0506046526
0.0210631751
-0.0252758358
-0.010219737
-0.0557307936
0.00433964189
0.0350935981
-0.00204213755
0.00382951531
0.0407333635
-0.0235457346
0.0277039073
0.0672806129
0.00971545186
-0.0161681492
-0.0374758951
0.0356712192
0.0463659689
-0.00807139091
0.00559883565
0.0107479263
-0.0174397249
0.00787361339
0.0276525132
0.0301887579
0.0460444577
-0.0598054565
-0.00300487247
0.0284621436
-0.0130966939
0.0134537155
-0.00633682776
0.00871715602
-0.0240581483
-0.00879424065
-0.00947010238
0.0430069789
0.0328285284
0.00213463372
-0.00699210726
-0.0024227649
0.013359447
-0.0434495918
0.00733477995
0.0130007658
-0.0424106792
-0.0700580999
-0.0354506411
0.00705689937
0.0461756177
0.000413870788
0.0227820929
-0.0174825601
-0.0256085675
-0.00395242684
0.0121865412
-0.0029445223
-0.0021482124
-0.0122038256
-0.0301714968
0.0269046444
0.0156024601
0.0176380742
-0.0214305148
0.030156957
0.0217801146
-0.0247919448
-0.00920473319
0.018669121
-0.011156301
0.00315772207
0.00708707282
0.0333778746
0.00675546424
0.00747432234
0.00720918505
0.018054923
0.00343667576
-0.0024545975
-0.024019165
0.0310598928
-0.00058357208
-0.00615375908
0.0501995347
0.0135690589
-0.0028089257
0.0201338772
-0.00269941776
0.0158367082
-0.00187189528
-0.024791453
-0.118782006
0.0557262674
0.0192999803
0.0076716328
-0.0548775606
0.00431794487
0.0764454454
0.010468334
0.0179491602
0.028708864
-0.0195123609
0.0248437636
0.00333650084
-0.0526627265
-0.065008305
-0.0891990587
-0.158919483
-0.0975136012
-0.000110232235
-0.0527100787
-0.00336766778
-0.0711228922
-0.121580511
0.0100917183
-0.027009042
-0.0386720225
-0.0557103828
-0.0990577713
-0.00668461761
-0.0839475244
-0.0131147224
0.0474594012
-0.0168724302
-0.0548309386
-0.00335121574
0.0119491396
0.0421630591
-0.016620433
0.0105956094
-0.012251867
0.033559449
-0.0163201131
-0.0204054248
0.00954837631
-0.0241192877
0.0337619074
0.0306896921
-0.0150746722
-0.00574147236
-0.039461825
-0.0668367893
-0.00782700535
-0.0267063454
-0.0657221079
-0.00286506
0.0233323649
0.0472664163
0.051765088
-0.0274928454
0.0555488281
0.0440589003
-0.000861670938
0.0449453741
0.0170985498
0.037481185
-0.0277841017
-0.0362053886
-0.0324680395
-0.0105765229
0.0524575338
-0.0482649654
-0.049918741
0.023943102
-0.0357178748
-0.116678245
-0.0474954434
-0.00741060777
-0.0737840533
-0.157883123
-0.128599003
-0.039740134
0.116843969
-0.0229142644
-0.0318119824
0.013512983
0.0837076828
0.0132251484
-0.051080782
-0.0675409138
-0.0169882029
-0.110619731
-0.105131827
-0.0404043794
0.038853623
0.0179852154
-0.0259521734
-0.0456026532
0.0499808155
0.00884318817
0.0327345505
-0.00523975492
0.0369854607
0.0775894523
0.00414912542
0.0151421949
-0.0187814161
0.0564406477
-0.00231331983
0.0221447963
-0.0417988189
0.0444517881
0.0185606126
-0.0424325392
-0.0297651608
-0.0418352373
-0.0200508591
0.00402197056
-0.0509669073
-0.0208953638
0.0264198985
-0.000115595714
0.0516102128
-0.0256804153
0.014142409
-0.00326948985
-0.0169498771
0.000610123563
-0.00298945326
0.032514032
0.0699140057
-0.0761485025
-0.0272973515
0.00824998505
0.00585331675
0.056871701
-0.025941534
-0.100470595
-0.0186983012
-0.0351186022
-0.0263934415
-0.00553188473
0.0626096725
-0.0130466716
0.0054226839
0.0161581282
0.0683823749
0.0748430863
0.0199618135
-0.00187979953
0.00454455754
0.076311633
0.0430150144
-0.000464146346
0.0521441065
0.0672254041
-0.00720779644
-0.0124209374
0.0679236278
0.0112976357
0.0575701855
-0.0758125857
-0.137807637
-0.0142312543
-0.00595522672
-0.00362587161
-0.0364635251
0.0156610459
0.00160461722
0.0235903095
-0.0173526853
0.00989335496
0.0596494935
0.0289509017
0.0442131124
0.012619378
-0.021087626
0.00638428796
0.0146711897
0.0312074609
-0.0256948844
-0.0312730297
-0.0432946943
0.0387833454
0.0596772805
-0.00981894135
-0.0505154058
-0.0325627215
0.0182997882
-0.0517167151
-0.0471660011
-0.0265703183
-0.0836970359
-0.00746009964
-0.0022249124
0.0146074453
-0.0870742202
-0.13332203
0.0429727063
0.0714404285
-0.109089941
-0.0127064222
0.0265319403
-0.0151329879
0.0146599384
0.0867834166
0.0819613561
0.0899458826
-0.0268372372
-0.027209904
-0.0232958067
0.020583177
0.0439140871
0.0152285956
0.0132503025
-0.0219942071
-0.0221600886
-0.00432224991
-0.00297377142
-0.0272747763
-0.0500981882
-0.000754177861
0.0280805714
0.0325301737
-0.0219819956
0.00387035008
0.0286481082
0.0498497561
0.00104207313
0.0394711606
-0.0176104568
-0.0534832999
-0.0207405724
0.041315306
-0.0207795091
0.042453859
-0.0233742967
-0.0125676673
-0.0656952634
-0.104039967
-0.028743878
-0.0769740567
-0.0851135477
-0.0374266207
-0.0081559401
0.0182143878
-0.0219259579
-0.0631747618
-0.079241313
-0.00841008127
-0.038378153
-0.0421509258
-0.00142194284
-0.0426512472
0.0260662436
-0.0459777191
-0.0436397083
0.0317279361
-0.0659355149
0.038891647
7.4954849e-05
0.0406580232
-0.018058721
-0.0117328558
0.000920735823
-0.0466801375
0.00398755493
0.00843046326
0.00691035576
0.0382719226
-0.0270789322
-0.0184487626
-0.0341936983
0.0141353775
-0.0109865433
-0.0434870943
0.0143799186
0.00751744071
0.0334425867
-0.000670056383
-0.0556652099
0.0333308131
0.00601786142
0.0282287393
0.0259561148
-0.00827700645
0.00608996488
-0.028765535
0.0130592166
-0.0110885836
-0.0262180474
0.0288438238
0.00142659678
0.00336683635
-0.0417828113
-0.029001629
0.00799301546
0.0310141966
-0.104801901
-0.0659629032
0.00924096443
-0.114409454
-0.054541219
-0.116111875
-0.0147595759
0.0334460698
-0.0672660396
-0.0639008209
-0.0240835231
0.00249627349
0.0854578912
0.0433398224
-0.06482061
0.0359909832
-0.0178965069
0.0024705301
-0.0351781026
-0.0180275403
0.0299236793
-0.00842118543
0.0169519801
-0.0105682919
-0.00980151724
0.0470509045
-0.00155887462
-0.00306435535
-0.0341557041
0.0244776253
-0.0023440409
0.0536396988
-0.0477549955
0.00191769702
0.0334842801
0.00567083992
0.0740228146
-0.0565925725
-0.0449731797
-0.0759654939
-0.0352475345
-0.0197878424
0.00686193723
-0.0263464451
-0.00822138321
-0.0305322781
-0.0222633686
0.0337623879
0.00967059843
-0.0333594009
0.0969352573
0.0772806853
0.0462793522
-0.0506522395
-0.0152597409
0.0757798404
0.0492745638
0.0330553241
0.0129586291
-0.00422644941
0.0256691072
-0.0164932963
0.00783651974
0.0281697437
-0.00519765308
-0.0192093775
-0.021687096
-0.0508956388
0.0540814213
0.0255596284
0.0419106036
-0.0263582468
-0.0223930962
0.0146784429
0.0497959554
-0.0056683924
-0.00461094873
-0.0243025385
-0.0378188044
-0.0373889543
-0.00238408777
-0.0020738584
-0.0251782499
-0.000516556902
-0.0130441915
-0.00748914294
-0.00195840723
0.0278780889
-0.0570291877
-0.0591024198
0.0126383901
-0.055826772
-0.0273221023
0.0330128409
-0.0250776876
-0.0346915424
-0.00137054361
0.0173440725
0.0557311028
0.0341769755
0.00855098758
-0.00912698545
-0.0269447416
-0.0345740728
0.0653141961
0.00862316135
0.0385396928
-0.0478386879
-0.0100481557
0.0606788322
0.00446667382
-0.00418003276
0.0289117284
-0.0131245386
0.0441593342
-0.0954989046
-0.117370509
-0.0334512331
-0.0168561023
-0.0163399335
-0.0112716341
0.0244592857
-0.000989165506
-0.021422768
0.0191976558
-0.0594836064
-0.0214754548
-0.0400316343
-0.009680029
-0.058664903
-0.0671191216
0.00784702878
-0.0885193497
-0.0396054126
0.0176804438
-0.0132538527
0.00115999964
-0.0178240258
0.053841833
0.0380782261
-0.0326111354
-0.0298703723
-0.0782343
-0.0763089359
-0.0849305466
0.0337836556
-0.0371341519
0.0385320783
0.0234956816
0.0204368606
0.0629685149
0.0494718924
0.0322827622
0.0361228399
0.020320246
0.0182665847
0.050916791
0.0397583917
-0.0182769652
-0.0122743128
0.0329304561
0.00904422347
-0.0105954809
0.0153340893
-0.0211100522
-0.00712069776
0.030196676
-0.00147192553
0.00765801407
-0.0205622967
0.0424908064
0.0223991387
0.0283845607
0.00809378829
-0.0323445983
-0.0108869793
0.0461857878
0.0110941753
0.0405389331
0.00191911648
0.0474152565
-0.00239541591
-0.0281199589
-0.0361369774
0.00925744977
0.00763973407
0.0181383751
-0.0498313308
-0.0675773174
-0.0486161001
-0.0247487947
-0.0190258119
-0.000684393337
-0.00225681416
0.0170124322
0.0373325795
-0.0149305072
0.0313179381
0.0298012476
0.00636541005
0.0538296998
0.0169563461
-0.00528058736
-0.0470333584
-0.022927938
0.0413813069
0.0387198962
-0.0183081534
-0.0452044792
0.00060452515
-0.0170400329
0.0466577783
-0.00327074178
0.0266032349
-0.0469515026
-0.0328497998
0.0425703153
-0.00593323959
-0.0743394792
-6.17813021e-06
-0.0235885773
-0.0536380373
0.0282729883
-0.0417277329
-0.00614017202
0.0120644365
0.0597782545
0.0481874458
-0.0512712337
0.0333076976
0.0263822135
0.0399682447
0.000297118386
-0.0555806644
0.0388689414
-0.00649912423
-0.00569959963
0.00624973094
-0.0115357917
-0.004190912
0.0507005937
-0.0682224333
0.0440250635
0.00806534383
0.0139225088
-0.0884620175
-0.0333709195
-0.0310738236
-0.0812792629
-0.12334837
-0.128704444
-0.0802671686
-0.0648140982
-0.106161207
-0.129538417
-0.0550318062
-0.144257322
-0.167831883
-0.0505809598
0.0354992561
-0.06135967
-0.0935407728
0.0150257461
0.028488569
0.0509147234
-0.0353251398
-0.0316603892
0.0184870791
0.00712961797
0.00647056475
-0.0237429757
0.034266524
0.0131236138
0.00102407217
0.0121961664
-0.0593982339
-0.0222255997
-0.0402916037
-0.0234091748
0.00399112003
-0.0375062637
-0.0107970629
-0.0620473586
-0.0361829922
0.00857729185
0.0434086509
0.0125955194
0.0266952794
-0.00115462637
-0.0466684289
-0.00554304477
0.00768168923
0.00526446803
-0.0139814215
-0.0242385063
-0.00461603422
-0.00406508241
0.0175037663
-0.0194237512
-0.06126526
0.0222793408
0.0174711905
0.0818111449
-0.0401870571
-0.0312963724
0.0909795687
0.0374324359
0.0400248989
0.0250418168
-0.00512668397
-0.0232462399
-0.0691660419
-0.0100167505
0.0257520713
0.0177449025
-0.0363173336
-0.0353217758
-0.00124762522
0.0353688188
-0.0262060855
0.0237345956
0.0241062399
-0.0166610107
0.011414744
0.00589082157
0.0276677087
0.00843712036
-0.0629153103
-0.113789007
0.0042208978
-0.0863545164
-0.0189083759
0.0348710418
-3.15712787e-05
0.0153825814
-0.0937258527
-0.0562131479
0.0778838918
0.0382047407
0.0270204805
0.0313899331
0.00661929185
0.0172601938
0.0457677916
0.0493853539
0.0119897118
0.0240616519
0.00607834337
0.0042881947
0.050269749
-0.070245564
-0.0975473896
-0.0223123673
-0.0415205769
0.0114353159
-0.0667293146
-0.0907067358
-0.0993972719
-0.0102576306
0.0537088066
-0.0232821237
-0.00374552514
0.0221831463
0.0291469842
0.0492593013
0.00817111973
0.0182210095
-0.0112345777
-0.0202591233
-0.00147516013
-0.00950385164
0.0154120391
-0.0291570872
0.0464786924
0.079282552
-0.0163021274
-0.0202517547
0.0266410913
0.0309822969
0.111719117
-0.00146313489
0.0232016891
-0.0483603291
0.0733299553
0.0814028382
-0.0194113161
0.00804068241
-0.117431968
-0.132735282
-0.00690112496
0.0383563712
-0.0147193344
0.0302120298
0.0421860516
-0.00528887287
-0.00541783869
-0.0060885991
-0.019637486
0.038070906
-0.0255610123
-0.0176461972
-0.0192958917
0.0426758677
-0.0218093842
-0.0760238245
-0.0489495583
0.0452717915
0.0343121924
-0.0513584763
-0.0384394117
0.0454785898
0.00323313265
0.01218493
-0.00256269122
0.0942613631
0.00376508455
0.0249569789
0.0127374539
-0.00460770307
-0.0716688111
0.0157663524
-0.0393298976
0.00610518316
-0.124818377
-0.114786863
-0.0282018948
-0.0373088755
-0.0445701331
-0.080250822
-0.0657112077
0.00641811546
-0.0573031493
-0.0312483665
-0.0380066335
-0.00237065065
0.0139562422
-0.0244198386
-0.039573919
-0.0279720705
0.0133216698
-0.0265061613
-0.0331250317
-0.0748707056
-0.0590377301
-0.0535847582
-0.0347820558
-0.0588362142
-0.0248514023
-0.0982525274
-0.0333668962
-0.0170382056
-0.057488583
-0.060061641
-0.0203241426
-0.0509605892
0.0332345814
-0.0970691368
-0.0548442788
0.0268886946
-0.0181382895
-0.0052149198
-0.0760319382
-0.0172858872
0.0574505664
0.068558678
0.0174651407
0.0325394906
0.0167940743
-0.00809075404
-0.0241052918
-0.00834514108
0.00606244989
-0.034149304
0.0159442928
-0.0314693078
0.034276206
-0.0227556527
0.0348816141
0.0134141371
0.0348241217
0.0335474126
-0.0206093509
0.0131169809
0.0310368109
-0.0139337527
-0.00611539744
-0.0107093332
0.0123652117
0.0256376509
0.021465309
-0.0164663121
-0.00385305006
0.00647970848
-0.00653643394
-0.00175757473
-0.00895001087
-0.0348038301
0.0422877036
-0.0381162986
-0.00562864076
0.0277776849
-0.0408801362
0.0370401368
0.0188794378
-0.109303467
-0.0109326281
0.00107568176
-0.0194909032
-0.0392896421
-0.0121786352
0.0231824424
-0.0258983877
0.0354585275
-0.0703808814
0.0278747529
0.0372146815
-0.10537532
-0.00229635229
0.112657398
-0.032376416
0.0364424624
0.0116341366
-0.0533314236
-0.0712127313
-0.0191893652
0.0246182159
0.00886477996
-0.0285527464
-0.0636600703
-0.0425315611
0.0582099482
-0.01396727
0.0358163342
0.0248495992
-0.078579098
0.0133517506
-0.00668245275
-0.015965756
-0.0548880026
-0.00466014491
0.00586329261
-0.0379440449
-0.0520431995
-0.0427484661
-0.0858967677
0.0141635481
-0.0044687544
0.0385410488
-0.0204410776
-0.0639246851
0.0229102671
-0.0245101862
-0.0182761289
-0.0309286155
-0.147180229
-0.0220887028
-0.0221450999
-0.00922047626
-0.0778173506
-0.00842757244
0.0436877646
0.0192832276
-0.0804739818
0.0297639295
0.0992344618
0.00224354723
-0.00651112245
-0.0131207816
0.00792565197
0.0319963731
0.00636418397
0.0234779883
-0.0250808485
0.0867701992
-0.0489052124
-0.00468512997
0.0301701725
-0.0219682194
-0.0451044589
-0.0082518924
0.0229595639
-0.0178979505
-0.0102193486
0.0863840207
0.034475632
0.0575011484
-0.042750556
-0.0475285016
0.0549247749
-0.000142461387
0.062669985
-0.0829507485
0.127945706
0.0426986516
0.0249261241
-0.0227414574
-0.0563306399
0.0369366966
0.0574747622
-0.00976500381
0.00571863912
0.0234210491
0.100414589
0.0603615008
0.0255143717
-0.0147843473
0.0439738892
0.0173384063
-0.00393491471
-0.0213227682
0.0244624056
0.0238033067
0.0155642629
-0.0525410548
-0.0251767933
0.0174637455
0.00258751633
-0.0225816108
-0.00632998534
-0.033830557
-0.0257873964
-0.000310905656
-0.0379539616
0.00072842621
-0.0602979064
0.019312311
-0.0957468376
-0.148964122
0.00333932345
-0.0436000191
-0.00553640956
-0.0173682887
-0.0761366189
0.0112022981
0.0134457238
0.0118207177
-0.0128653552
-0.0608481281
0.0846825913
0.0344311781
0.0464542359
0.0607060939
0.0869834423
0.0347767957
0.00141851988
0.0598362908
-0.0203608237
0.0177304018
0.0410684608
-0.0283423048
-0.0627878755
-0.0973625928
-0.0144981714
0.00140469032
-0.0292569473
-0.0324759409
-0.0358712301
0.0210149027
0.0118589569
0.00623556087
-0.0111369081
-0.0487196334
0.00805568974
0.0251246206
0.135508642
-0.0169795491
0.0620820373
0.0339533314
0.0478729457
0.0787710547
-0.0309191141
-0.0252008177
0.0525352359
0.0327657089
0.0841143131
-0.0208864063
-0.0118265999
0.0678737462
0.107961252
-0.0398790836
-0.0968930796
-0.013833439
0.0816167891
0.0571107157
-0.0514961928
-0.0388563238
-0.0537563339
0.0368653946
0.0625296831
-0.0922472626
-0.0587683432
-0.0141328247
-0.0434187017
0.0438509285
0.0410591029
-0.0522763394
-0.0807492957
0.0149285262
0.0365011506
0.00588906929
-0.019913109
-0.0292216223
0.0123049794
-0.0469284356
-0.0859060735
0.0467142016
-0.00114818884
-0.0414192528
0.0524299294
0.0471014492
0.0729386136
-0.00353222224
-0.0631738007
-0.143626735
-0.195784837
0.0302138608
0.0166706629
0.00604616012
-0.00134292943
-0.0346220024
0.0236362889
-0.0223469287
0.026692763
0.0085496502
0.00433871429
0.0160497911
0.0238261074
0.044004105
0.0306646973
0.0385694951
0.0122770378
0.0392653532
-0.0255448464
0.043953605
0.00836101267
0.0141884321
-0.0706136599
-0.0299266651
-0.0197411049
0.0156945884
0.0438278727
-0.0871692374
-0.0635208264
-0.0332373083
-0.0370519608
0.0199356303
-0.0132419392
-0.0681984499
0.00803672243
-0.0548534282
0.0535731986
-0.0590591021
-0.00952035096
-0.0236005504
-0.0568884127
0.0201450307
-0.0284116678
0.00190523034
-0.0332950056
-0.0949598774
0.0168297328
0.004424477
0.0434257127
-0.00058863312
0.0374204293
-0.0502984896
0.000491481565
0.00909330323
-0.0292858426
-0.00403756928
-0.029873779
-0.0204491597
0.0336605273
-0.05815465
-0.00819245633
-0.000479339127
0.0192160904
0.032898657
-0.103995651
-0.0706947595
-0.015446526
0.03752698
0.0377859585
-0.116530716
0.0925111249
0.0284101274
-0.0297553968
-0.0346306786
-0.0505643822
0.0254681744
0.041522488
0.0208823457
-0.0378555059
-0.043778751
0.00532483263
0.0397043638
0.038776949
-0.110978022
0.0145052839
-0.0701671913
0.0304893013
0.0127397235
-0.226772398
-0.00445280643
-0.0899382308
0.0661215335
0.0109054856
-0.10115996
0.0574688911
0.0278115496
0.0616996661
0.0048395046
-0.0396720581
0.027306186
0.0132793859
-0.00215677335
0.0431161448
0.040842656
0.0464784056
0.0124132717
-0.0179613847
-0.0649269894
0.0532575548
-0.0346486643
0.0158086978
0.021204887
0.00439955574
0.0356123783
-0.00168538094
-0.0306308493
-0.0357768126
-0.0534841903
0.0476305
-0.0468596257
0.0661081374
-0.0305036623
-0.039030388
0.0600302592
-0.00166225294
0.0943931267
0.014324164
-0.0780117363
0.119710431
0.0569315776
0.0253805351
-0.0148533732
-0.0667166412
-0.0533966795
0.0590791032
0.0495350063
0.00325947581
0.0432727076
0.0498702824
0.0548641197
0.00442443276
-0.0526199192
-2.51985257e-05
0.0425750054
0.0254065078
-0.0618660264
0.076693289
0.0275052711
0.0373417288
-0.0767190531
-0.000353786978
0.0206661578
0.0846616924
0.00916869193
-0.0447372124
-0.111183412
0.0310746077
0.0318551287
0.0333345197
-0.0706794634
-0.0860871598
-0.0335309543
-0.00348024443
0.0107100569
-0.0236623194
-0.0212057363
-0.0644289553
0.00728094531
0.00467236154
-0.0753276572
-0.000664413325
-0.0248359572
0.0402348228
-0.0194206405
0.0235155169
0.0414934903
0.0384126604
0.0687975511
-0.0135503877
0.00232777046
-0.0600325875
-0.0167674553
-0.0721783265
-0.0297483709
-0.00994137488
-0.0678087473
-0.0368976071
-0.0672196522
0.0345810205
-0.0599545911
-0.0832316577
0.0504430644
-0.0116342138
0.000521391339
-0.0731730238
-0.0204423778
0.00855580531
0.0224068239
-0.0276831575
0.00511588063
0.016912587
0.112655789
-0.031308908
-0.066700384
-0.0465067886
-0.0614650398
0.0568317361
0.0334451683
-0.0994887501
-0.0497841835
-0.0710342228
0.0115748942
-0.0789577886
0.0123505779
-0.00435343897
-0.0608587936
0.0129805505
-0.064850986
-0.0444307514
-0.0443193875
-0.0380237289
0.0262079537
-0.0371293053
0.0153027596
-0.0518299341
0.0651041195
-0.000538580294
0.00525277015
0.0111207841
0.056527961
0.0540208817
-0.00388467032
-0.0587803349
-0.0158010758
-0.0488573201
-0.0151435072
0.030370947
-0.0518250428
0.00593050243
0.0526822768
-0.00799343362
-0.0819294527
-0.0177707691
0.0367062651
0.000352978037
-0.0512995459
-0.0181219876
0.0318417698
0.00798308663
-0.0707231835
-0.0985805094
0.0133310901
0.0462304875
0.0819053426
0.0387411267
0.0799716115
-0.00149073103
0.00533367461
0.0258686468
0.0121249426
0.0571199171
-0.05293018
-0.0015492189
0.0466303118
0.0383127816
0.0601703823
-0.0254923906
-0.0381588936
0.0430368632
0.0678417161
0.0334020667
0.0136235496
-0.0644144192
0.0356510058
0.00415372662
0.0194646735
0.0310082901
-0.0200429019
-0.0304559097
0.0101367254
-0.0207707677
0.019867206
-0.047889825
-0.0270306822
0.0333990641
0.0126670385
-0.00314185023
-0.014652458
0.066841051
0.069098331
0.0312683769
-0.0219202358
-0.00542022986
0.0551540703
0.0530094765
-0.00536940293
-0.0136566442
-0.0489854179
0.0478250831
-0.0102023017
0.0316094086
0.00745054986
-0.014460885
0.118268289
0.0611891039
0.00595559226
0.0128890267
0.0388375744
-0.0136196679
0.0377751812
0.0284441207
0.00334728532
0.013064174
0.0095925061
0.0645086616
0.00157344656
-0.0104671903
-0.0171914082
0.0184529033
0.0656887218
-0.0296593737
0.0844675377
0.027252309
0.041891776
0.0260517281
0.0154352831
0.0219326243
-0.0403671004
-0.0287327692
0.112218276
-0.00559896464
0.0206067134
0.0336479992
-0.0352282152
-0.00931413751
-0.0606316924
0.0446697213
0.103032909
0.000991862384
-0.0491981171
0.0121430838
0.0808378607
0.0525145493
0.0328798369
0.0114798956
0.019737279
-0.0186578427
-0.0113650467
-0.0545902774
-0.0375023037
0.0544627532
-0.0202498641
-0.0192371849
-0.0278799217
-0.0428861454
-0.0626822859
0.0323847048
-0.0302251279
-0.0437865853
-0.0505888499
-0.0663074851
0.0272716302
-0.0808795244
-0.0631058887
-0.0727584064
-0.0629924163
-0.0115874894
-0.101340249
-0.061975982
-0.0788991451
-0.0243638884
0.0422031395
0.0190757141
-0.00414739037
0.0373388864
0.0394326374
-0.0228386782
0.00853769761
0.088523984
0.0866608173
0.0667280927
-0.0190962143
-0.0138600189
-0.081704393
-0.0181659833
0.0767666101
0.0346230902
0.0708365068
0.0410130471
-0.00310833636
-0.0146565186
-0.040318653
0.0598218851
0.00274875993
-0.0261154678
0.00604254054
0.0173383541
0.0564566292
0.0169382207
-0.09760876
-0.014198726
-0.0413273647
-0.0334759727
-0.0565883555
-0.0234281402
-0.0701954588
-0.0110364966
-0.054104019
0.0267805029
-0.0149005139
-0.053965155
0.0460663699
0.00683364831
-0.00491497898
-0.0560245663
-0.127211437
-0.0136904465
-0.0423864797
-0.0422776118
-0.0811952353
0.057007689
0.0885201916
0.0622401759
-0.0788377672
-0.0133937635
0.0461818427
0.0303590558
0.0192947928
-0.0859217346
0.0826418176
0.0123589635
0.0302541424
0.0626162887
0.0373186544
0.0158372037
-0.0868026316
0.0382297374
0.020470405
0.0648788437
0.00232708943
0.00674999598
0.049495101
-0.000524855277
0.0265763346
0.119123921
0.00722160889
0.0321366601
-0.00631676801
-0.00182830857
0.043827042
0.0714169741
0.000425774866
0.0569967665
0.0871636346
0.0951400623
0.0997765437
0.00185013621
-0.0552387573
0.069946222
0.146434262
0.141292304
-0.00365781272
-0.00558566814
0.0482988358
0.150673285
0.0988393202
0.00407698005
-0.0179960858
0.0991753563
0.00750088459
-8.45746035e-05
-0.0328551307
-0.0557668991
0.0899640992
0.0629299283
-0.0762173384
-0.00530829607
0.0168747082
-0.0065746475
0.0187244285
-0.0381921679
-0.0243627969
-0.00144089735
-0.0306908693
-0.0278974324
-0.0378533788
-0.00761317275
0.0499474779
-0.0176751893
0.0168145504
-0.0597862713
0.0666287839
0.0529752299
0.0508621857
0.0155662037
0.0382803157
-0.00262305047
0.0159775801
-0.0603722259
0.0217172559
0.0573696531
-0.00185536826
0.0106930118
0.0062101013
-0.00762446178
0.0398991853
-0.052836325
-0.0475459546
0.0414671265
0.0315113254
-0.0205378849
-0.025511086
-0.0310725365
-0.0250182897
-0.027971549
-0.0119642606
-0.00341213052
-0.0858155489
-0.020411443
-0.04137104
-0.00225069444
-0.00129305688
-0.0320581086
0.00504288729
0.0740202442
0.0663914979
-0.012461707
-0.00921608415
0.0280556306
0.0200856924
0.10251791
-0.0470006876
-0.0123932883
0.0520237088
0.0595082752
-0.011593665
0.0298661776
-0.0148640936
-0.00653632358
-0.00576262223
-0.0228142142
-0.0336661972
-0.0375832096
-0.015874248
-0.045447886
0.0409425646
-0.0100074774
0.0234925486
0.0120972786
0.088162683
0.076397486
0.0249481536
0.0154658444
-0.0279859714
0.0153541816
0.0239604935
0.0299260318
0.0313008465
0.0275340322
0.00389892515
0.0251388215
-0.0213322323
-0.014495098
-0.034735661
-0.0243627634
-0.0220226869
-0.0240476187
0.0127749126
0.0205997955
-0.0197083186
-0.0229002628
0.00106717204
0.0294011161
-0.0299224388
-0.00666772015
0.0111524388
-0.0134521909
0.023052007
0.00217860681
-0.00955868606
-0.0231389273
-0.00336322095
-0.0157005377
-0.0130698243
-0.0388351791
-0.0399361029
-0.0272665024
-0.0342850611
-0.018590834
0.0204575788
-0.0656747892
0.05579051
0.0472409986
-0.000455997098
0.0360284597
0.08210399
0.0272925161
0.0274062753
0.0178288892
0.0481903888
0.0237056259
0.027470652
0.0401122235
0.0194208361
-0.131472364
-0.114858493
0.099401474
0.0254462976
0.028855972
0.0136707248
-0.135520205
0.0854637548
0.0212011803
-0.0220345575
-0.0198029671
-0.0337169468
0.0067701349
0.0836438015
0.0374443233
0.0226926021
0.0787110105
0.0117611671
-0.0161994267
0.00167518214
-0.00729511445
0.0120518096
-0.0221036412
0.013317069
-0.00392800104
0.0074029984
-0.0212160274
0.0161478762
-0.0171824414
-0.00288882433
-0.00697836885
-0.0515022501
0.103837349
-0.021499373
0.00918021053
-0.00140527124
-0.0494976453
0.0418113358
-0.0578615554
-0.0519676358
0.00863555819
0.0555539764
0.0218027011
-0.000956551754
0.00271665934
0.0904646292
0.129713923
0.0391330495
0.0112992758
0.0683346093
-0.0421654247
-0.0437686108
0.0407781564
0.0393363386
-0.0134506971
-0.0864190534
-0.031332992
0.0693645999
0.169514418
0.0719724
0.0181943383
0.0433494374
-0.0330003276
-0.039391879
-0.123327367
-0.0668747723
0.0890622661
-0.00898500346
-0.084946163
-0.00236805063
-0.00185527094
0.16453886
0.0048055849
-0.0335872434
-0.0193192475
-0.0805169567
0.000475820678
0.088088505
-0.0349099711
0.040538948
0.000984058366
0.00845703296
-0.00506822765
-0.0319542065
0.000323789398
0.0285992753
0.00782452524
0.0286940206
0.017395271
0.0555565543
0.0150094563
-0.077407144
0.0968451425
0.040298067
0.0257566124
-0.0125831151
0.00146408111
0.0124233356
-0.00411794987
-0.00799927488
0.0303757582
0.0430096574
0.0102529917
-0.037831407
0.00257496862
-0.00503255241
0.0544498526
0.0621878989
-0.0721642599
-0.044980213
-0.0223303735
-0.0438337438
0.00397987897
-0.0474368632
0.0143447733
0.015966285
-0.075428687
-0.0138775622
-0.0566123612
0.0139883654
0.0236342084
0.0311832502
-0.0115999961
-0.00301146647
-0.0248673912
0.00561153889
0.0620364323
-0.104991347
-0.0845876485
0.0143287983
0.0910314471
0.0618526563
-0.0372902863
-0.11755532
-0.0507214963
-0.0445115715
-0.0300325844
-0.0531831756
-0.0791421384
-0.0640632883
-0.0527197942
-0.102459282
-0.00893453881
0.0393349938
0.00802303106
0.0130862575
0.0437755175
0.0152095137
0.0292247012
0.00688269036
-0.00678803958
-0.0230640676
-0.0748874173
-0.0650218278
0.00810362212
0.045017153
-0.018404251
-0.0143857356
-0.0875752494
-0.0541183762
0.0160853788
0.0520900786
-0.000901944411
0.000251144113
0.0321258865
-0.0424005352
-0.0357347094
0.050827615
0.0409560502
0.0291239154
-0.0658454672
-0.121864289
-0.0107511748
-0.0160747301
-0.0525387935
-0.0949759856
-0.119252264
0.0124056535
-0.0488559715
-0.0260259118
-0.035935048
-0.093222551
0.0501459353
0.0419468805
0.0381943472
0.0377977416
0.0735573992
0.048495695
0.0928993449
0.0157219246
0.0400153585
0.0298252944
0.0334874652
-0.00491434895
0.00493763667
-0.0657115728
-0.106285557
-0.0342811644
-0.03591609
0.0207933951
-0.0346578993
0.0224384535
-0.0383260883
-0.0269680675
-0.0210909229
0.0344090462
-0.00582151301
-0.0584465712
0.0265561212
-0.00293260044
-0.0470862389
-0.0172973108
-0.00971584395
0.00770030636
0.025011288
-0.027682798
-0.00279305014
0.0152776651
-0.0103288433
0.0551562719
-0.0108366869
0.0357310846
0.00874041114
-0.0056550717
0.00585982949
-0.0310027208
-0.0226282105
0.0167606026
0.0471673273
0.0256820675
-3.78628683e-05
-0.0522948988
0.103802532
0.0482181869
0.00567919016
-0.0332207195
-0.0603163317
-0.00631247181
0.000277723477
-0.00389835844
0.0309363175
0.0857269764
0.0282688998
0.0196579527
0.049104996
-0.0349752903
0.041174747
0.0163093489
0.0106649296
0.0240841638
-0.0329175033
-0.109513871
-0.0261181928
-0.0400575139
-0.0516455732
-0.0468571745
-0.0466201901
0.0102268718
-0.0119367037
0.0490493588
0.0216319449
-0.0310505629
-0.0131436223
0.038793575
0.0439324714
-0.0577347688
0.0358857512
-0.00551449414
0.0127156582
-0.0600125603
-0.062248759
0.0259037167
-0.0484156311
-0.0255621076
0.0025486357
-0.00449722353
0.0210571103
0.0241668634
0.060912855
0.0425723009
0.0149019137
0.00934960879
0.13593027
0.0360975042
0.0539410934
-0.040234711
0.000162238663
-0.0366494581
-0.123110019
-0.0855359808
-0.0336036123
0.0263756756
-0.0875786841
-0.147359967
-0.0258711316
0.0453091338
0.165616184
-0.0390217155
-0.0407698639
-0.0277267098
0.00765193719
-0.0068219169
-0.0771547258
-0.0611510798
-0.048617471
-0.00788669847
-0.0369411595
-0.0360035673
-0.0474885255
-0.0226959921
0.0276447777
-0.00618653977
-0.0374469906
-0.00186782435
0.0250562765
-0.0563103072
-0.0457401164
-0.0205186401
0.0571360365
-0.0508850031
-0.0264995545
0.0428101122
-0.0288169943
-0.00941005256
-0.0641570315
-0.05348216
-0.00290109497
-0.0182145871
-0.00996510778
-0.0526271798
-0.0688261688
0.00710840151
-0.0665107667
-0.0687247515
-0.0311389118
0.00137917663
0.00974204112
0.0385318547
0.044488579
0.0372292697
0.0361631699
-0.00712414924
0.0776531473
0.054215312
0.0315122381
-0.0402665548
-0.0300003104
-0.0253003687
0.0351727642
0.0281541068
0.0912372693
0.102915719
-0.0379684195
0.0375078395
0.00718029868
0.0463790819
0.0271111112
-0.0183123294
-0.0360058881
0.00421787845
-0.036793448
-0.0699106455
-0.00130928878
-0.0506799631
-0.0367008485
-0.00635912269
-0.0399071835
0.0141032422
0.0281957164
-0.0316875651
-0.00370576978
0.05126331
0.00943282247
-0.0105695464
0.0446108431
-0.0226448979
0.00452097692
-0.0382430516
-0.0200603437
-0.0199227352
0.0329301655
-0.0696706101
-0.00752163585
-0.0396081731
-0.013410666
0.01174263
-0.0701929033
-0.0175526422
-0.015914062
-0.00341022247
0.0243693497
0.00970762782
0.0104875332
-0.0135182273
-0.00827239547
0.0355809033
0.0594615899
0.0422756225
0.0169036314
-0.0123112481
0.00512363575
0.0911037102
-0.0213350747
0.00725383637
0.00861943234
-0.0285134576
-0.0659281835
0.0473451652
0.0342844203
0.00334544946
-0.051639121
-0.0845961496
0.023080755
0.0108006243
-0.0138302203
-0.0235259999
0.0112543004
0.0117213735
0.0221825354
-0.0182736032
-0.0270159859
0.0515579805
0.00636120839
-0.0153575586
-0.0245825835
0.034692198
-0.140193045
0.0204066131
0.00268503791
0.00319349556
-0.0374174528
-0.0226140935
-0.00910097267
-0.0491107516
-0.0446977355
0.0447482951
-0.00265742117
-0.0084723942
-0.0638851225
-0.00960418116
0.00323616248
-0.0566014275
0.00353271188
0.0287910122
-0.0769306719
0.0101203583
-0.0845638141
-0.0184033569
-0.0459229052
0.00100321486
-0.0162190069
-0.00921421498
-0.0169708338
-0.0458693132
0.0458212495
0.0423132293
-0.028290242
0.0129002379
-0.0296700858
0.00870265067
0.00841745269
0.0210165977
0.0210889187
0.0252959691
0.0589903332
-0.0475501828
-0.00924549159
-0.0164882857
0.0175814833
-0.0309343375
0.0244736243
-0.0732741132
-4.04809107e-05
0.0273211878
-0.019594457
-0.0441306345
-0.0502033792
0.00950008258
0.00575857377
-0.0210007112
-0.00286580529
-0.0416641757
-0.0164592937
-0.0509072356
-0.050756257
-0.00809008814
0.0134365233
-0.0138220498
0.0594968349
0.0173440874
0.00343105057
0.0554181561
0.0302101392
0.033210922
0.0652159601
-0.0209157243
0.0138469161
-0.0214817729
-0.00279274792
-0.0164800622
0.0111217853
0.0259113237
0.00805082917
0.0192044098
-0.00999666564
-0.0162505787
-0.00118525757
0.0158775412
0.0133981286
-0.00698536448
-0.0328167826
0.0224154461
-0.0189720783
0.00102501083
-0.0140111772
-0.0109295631
-0.0418755896
0.00881124195
0.00990521722
0.0449587889
0.00696459739
0.0159897469
0.00276100286
0.0930035263
0.00649727741
-0.0112004513
-0.013212028
0.0894457474
0.0508873425
0.0362439565
-0.0442861468
-0.136433795
0.140614361
0.147812083
0.0224714261
-0.011982643
-0.0479760915
-0.0392386913
0.00789968856
0.0526092015
-0.0484898686
0.0556409471
-0.0516918413
0.00204190798
-0.00887943432
-0.000631666742
0.0509242862
-0.0318557806
0.0241201352
0.0342668295
0.00450806692
-0.00903837848
3.11149852e-05
-0.0360136181
8.42958761e-05
-0.0222309176
-0.059615735
-0.017666474
-0.0395743363
-0.00403399672
-0.0153428316
-0.0642539561
-0.0043544611
-0.0613721237
0.00120641501
-0.0192583464
0.0501716919
-0.0197774284
0.00958156958
0.0141034918
0.0817107335
0.101600163
0.00195972202
-0.0133808665
-0.0340719149
-0.0876339674
-0.120883256
0.00844819285
-0.0147416685
-0.0170242768
-0.0581082851
-0.0333885252
-0.019485468
0.00445077894
-0.0346286744
0.0340668485
0.101612069
0.0217596721
0.0933036432
0.0425211973
0.0106583312
-0.0173550714
0.0273550339
0.0013248967
-0.00975058973
0.00427520322
-0.127044275
0.0257890988
-0.00285392511
0.0136547051
-0.0551823005
-0.0455854945
-0.0371013209
-0.0347202681
0.0398107953
-0.0539034307
-0.122445576
0.12034484
0.078494899
0.0301591679
-0.0166408364
-0.0445801914
0.0791371018
-0.00123264338
0.0143520851
0.0404691659
0.115335338
-0.0291018076
-0.0475603715
0.0451883934
0.0667347386
0.202019319
0.053782627
0.0808573812
0.0708953291
0.0270655304
0.0312514231
-0.00679618679
0.0790931508
0.0356813036
0.00213833782
-0.087304011
0.0340175256
0.0889111012
0.0306633972
-0.0370684937
-0.0267362837
-0.0409927592
-0.0731223896
-0.0148102511
-0.0919768214
0.115890078
-0.0853215009
-0.0356467664
0.0352722444
0.0393762924
0.142187506
-0.0486489907
0.009389841
-0.0757172257
-0.0611371174
-0.135787711
-0.0211415496
0.000395709299
-0.00631705113
0.0385371558
0.0787640586
-0.00439394219
-0.065173842
-0.1071008
0.104502626
0.0446189344
-0.0239663906
0.0183056407
-0.0547147244
-0.0209677871
-0.16383709
0.0257593468
0.0547468103
-0.0560708232
-0.157286718
-0.194311231
-0.0126057407
0.00978854671
-0.0081746066
0.0151686976
-0.00110819959
-0.0360008851
0.00547168497
0.0358753055
-0.00835358538
0.0330702364
-0.026087122
0.0542808026
0.0746926367
0.04389349
-0.0175479446
-0.0171873719
-0.0122374594
0.0139852297
-0.0483744815
-0.028971646
0.0123545276
0.0371040665
0.0293061864
0.0500859804
-0.0195627213
0.0121922586
0.0289223306
0.0192411225
0.0348418318
0.00116355449
-0.0233415328
-0.0230720267
0.0177671872
0.00013916922
-0.0700311437
-0.0682845041
-0.0148266535
-0.0283030905
-0.00304651097
0.040949896
0.052757062
0.0102322772
0.0430805795
0.0690112561
0.0369704925
0.0275594387
-0.0323390849
-0.0334270969
0.0151002789
-0.0388415679
0.0135188578
-0.0274243094
0.00103710289
-0.00802994426
0.0107373837
-0.0266824253
0.0266827755
0.0690535754
0.00831561536
-0.0497923121
-0.0210192837
-0.00962487981
-0.0110709025
0.00475440547
0.0321747623
-0.037413124
0.0169504378
0.0260904413
0.00911126845
-0.011788452
-0.00868544262
-0.00790855102
-0.0092981467
-0.0653577372
-0.0399140269
0.00575420447
-0.00984505471
-0.0253034718
0.00449851016
-0.0129733151
0.00201582117
-0.0240653958
-0.029226426
0.0225755721
-0.00260364288
0.00573339639
-0.015076885
-0.0250263698
-0.0271474179
0.0210309196
0.0204481222
0.0189535785
0.000888050999
0.0134965591
-0.00691075996
0.034308631
-0.0283937268
0.00874012336
-0.00977534242
-0.0298776757
-0.0208077244
0.00590966269
0.0045237178
0.0199409407
-0.0415155739
-0.018687129
-0.0358166173
-0.0209684912
-0.0518299825
-0.0545804836
-0.0486791916
-0.0103179412
0.0911848173
0.0875810459
0.0456145257
0.00271904399
-0.0519942902
-0.00905355252
0.0202908218
-0.0670966506
0.00463461224
0.0118078012
-0.00197348697
0.027135849
0.0529135987
-0.0432829522
0.0674729049
0.0222898107
-0.0412161723
-0.0823946893
0.0722144842
0.0969208851
0.0440792404
-0.00113598781
-0.0460039899
0.08221668
0.100605711
0.059565153
0.0334119573
0.104435608
-0.00344007323
-0.0771625787
-0.0113642309
-0.0230615102
-0.0482636467
0.0296863075
-0.00645615906
0.0434287675
0.00667221285
0.0166143999
0.02626721
0.0605895147
0.042610798
0.0206916239
0.0205795169
0.0347422734
0.0465667881
0.0460607633
-0.0122513548
-0.0438590869
-0.0206031278
-0.0033224558
0.01635902
0.0465934239
0.028276192
0.0176268369
-0.033832591
0.0427231267
0.0567337722
-0.0357663967
0.0219877511
0.066187948
0.0443500131
0.0154213775
-0.0854744986
0.00161976262
0.0125408461
0.00636534719
-0.0297592673
-0.0961595774
-0.0225029737
0.115020305
0.0950433835
-0.0534959324
-0.136900589
0.060063228
0.0670911893
0.0459872335
0.0276894309
-0.102388777
-0.0212563463
0.0874560475
0.0788809657
0.0525040664
-0.1373882
0.0330877192
0.100592576
0.1214737
-0.0395250991
-0.142935127
0.00808158983
-0.107157208
-0.130653903
-0.0249153413
-0.0137566309
0.016783461
0.016295474
-0.0167539828
0.035055574
0.0438316502
-0.0332232378
0.0152536547
-0.0584132932
0.0188292507
-0.0184904449
-0.106328025
-0.0543677025
-0.0253113676
0.0193551183
-0.019342538
-0.0753685236
-0.0758523345
-0.0240748413
-0.00124428677
0.02915469
0.0444114655
0.0480762981
0.0312773548
0.0433456898
0.0422982015
0.0553621426
-0.0647230893
-0.0255835615
0.0161807779
0.0272658896
-0.0716955513
-0.12678121
-0.104826622
-0.00810507406
0.0236110687
0.0443570614
0.0278189629
0.0301233083
0.0118104788
0.0217409488
0.0296732932
0.0247610155
0.00446619373
-0.00142752146
-0.024991611
-0.0321681909
0.0387311615
0.0494648218
0.022371985
0.0446538143
-0.075965561
-0.0846359432
-0.0624141879
-0.0386658832
0.0179764759
-0.0886592194
-0.0732806996
-0.0680824518
-0.0346341133
-0.0410845727
0.0209809151
-0.0176781807
0.0605279207
0.0180895384
-0.0158451591
0.0296778604
-0.0401974954
-0.0679820776
-0.0930317789
-0.0524538271
-0.0133088371
0.0231162403
0.00394684728
0.00552563136
-0.0050884122
0.00666228915
-0.0718607455
-0.0674516559
0.0340720266
0.0910747722
-0.0916891247
-0.0736096203
0.00734697934
-0.0858320892
-0.0769023597
-0.0316494033
-0.0285692569
-0.0061449497
-0.0585049428
0.0412750766
0.00792461727
-0.00369895436
-0.0665999204
-0.00627478166
0.025429206
-0.0117497025
-0.0244869739
-0.0433732867
-0.114041977
-0.113324553
0.013034841
-0.0234892182
0.000766870391
0.109119058
0.00830010604
0.0211427473
0.0639130175
0.0428311825
0.0187533684
-0.0304727852
-0.0881585404
-0.100797661
-0.129087552
-0.0233080536
-0.0466000848
-0.0326455161
-0.0265253298
0.0191364251
0.00570025342
0.0507078655
-0.0231311992
0.0200591497
0.0604365654
0.0586222559
0.0573104657
-0.0346939601
-0.0518017076
-0.0173366927
0.0324545689
-0.0372700617
-0.0506547578
0.0197407231
0.00693016639
0.0371220894
-0.0104770306
0.000774374872
-0.0307191219
0.0384135693
0.0306167211
-0.0263845455
-0.00940346252
-0.0198077317
-0.0459140353
0.00245197793
0.0223841723
0.0182398744
0.0113077117
-0.00849076174
-0.0375108309
-0.0203049146
0.0609475635
0.0675182343
-0.00372804143
0.00711641228
-0.0428396873
0.0578426942
0.000648723159
0.0133251762
0.0463041402
0.0300675035
-0.00542531721
-0.0394357517
0.0424090214
-0.0190635771
-0.0444877818
0.0367831029
-0.00398985529
0.00234019593
0.0435869731
0.0104554938
-0.0185175557
-0.024727365
0.0486606359
-0.0319995023
-0.0496431477
-0.0519223586
-0.0234606341
0.0884755328
0.0671902224
0.0271033607
-0.0617648736
0.0165422913
0.0534035265
0.00470960699
-0.0519833677
-0.042749837
-0.0352926403
-0.0232064743
0.0397605561
-0.0190956015
0.0259999726
0.00349587644
0.0561933555
0.081960775
-0.0342280306
0.00161546806
0.0208082926
-0.0197738986
0.0173056405
0.0251760557
0.0210947562
0.034986984
-0.0612529032
-0.0635048375
-0.0489740781
0.0485534854
-0.0202759877
-0.116460823
0.0399808176
0.0534908772
0.0842736214
0.126434982
0.070397824
-0.0138680441
0.0130446702
0.0663534477
0.0885698125
-0.0119835418
-0.0545370765
-0.098555848
0.014910141
0.0248777438
0.0120880799
0.0389615297
0.00891179312
-0.0403314531
-0.0407941416
0.000920831342
0.0147569394
-0.00435093185
-0.0287050679
-0.0271613169
0.0254328102
-0.00744413631
0.0079191085
-0.0440129898
-0.0624735914
-0.00551867299
0.0264543183
0.00732986443
-0.00669756997
0.0124906935
-0.0463535301
0.0300139096
0.00110893534
-0.0112223411
-0.0798269808
-0.0518207364
-0.00649321079
0.0283418261
-0.022513235
-0.0456047356
-0.0254793726
0.0330212526
0.046641957
-0.0277329534
0.0162812583
-0.0191886481
-0.00556763494
0.0460040793
-0.086217545
-0.0788402706
-0.0876294971
-0.0515836328
-0.00569363311
-0.0599851385
-0.106253602
-0.0166174509
0.0561665446
0.0193788186
0.0157315303
-0.0201832894
0.0975831971
0.0670000911
0.0778862163
0.0356302969
0.020604549
0.0482192636
-0.00630877819
-0.0284272432
-0.0474893227
-0.0446052216
-0.0033305008
0.0148768779
-0.0514979884
-0.00117875298
0.0586164184
0.0489461236
0.00753265852
0.00231183483
0.0245753508
-0.0211059041
-0.0371874459
0.0227093864
-0.0785717666
-0.00462342007
6.24004315e-07
0.00142887339
0.0108533232
0.0312233716
0.0292751808
-0.0759745911
0.00270332489
0.0105212117
-0.0237190705
-0.0259865467
-0.0702102408
-0.0181219596
0.00649206061
0.00936453789
-0.0411999114
0.0150807863
-0.011099441
0.0344384611
0.0746988058
0.0261232257
-0.0531415716
-0.0343075991
0.0338932052
-0.00903129112
0.0179091133
0.0841422454
0.0046432917
-0.00162134576
-0.016704604
0.0548808649
0.0480191745
0.0229016449
0.0178680569
-0.0654698685
0.0562849343
0.0127364593
-0.0133188292
0.0629659519
0.0364293195
-0.0143617066
-0.00443870574
-0.0125402436
-0.0186453033
-0.00993673783
0.00470701093
-0.0212197788
0.0423148163
0.0250960123
-0.000612744712
0.0485833809
-0.0311056208
-0.0276595932
-0.0732957721
-0.0397825986
0.0480757356
-0.0618222505
-0.0589681938
-0.0034952322
0.0389109403
-0.00666557113
-0.0619198531
-0.0377732664
-0.0456389003
-0.103550434
-0.0928342044
-0.10057193
-0.0505779795
-0.0403274149
0.00138912722
-0.0458925031
-0.048210524
-0.0384181663
-0.00727490801
0.0565339848
-0.0349852145
0.0312863849
0.0140860667
0.0285032298
0.0669295266
-0.0118131507
-0.0527817607
0.00171446719
0.0553714596
0.0700976253
-0.045390334
-0.0210973267
0.0155922566
-0.0255797058
-0.0348733552
-0.00140744017
-0.0304246023
-4.22712801e-05
-0.050932698
0.024969833
0.00502206245
-0.0260017682
-0.0208084248
0.0451554954
-0.0121940151
0.0311139375
0.00952930376
0.041149158
0.0383793823
0.0302635655
0.0129467072
-0.0270242486
-0.011939819
-0.00619462784
0.02831956
-0.0630210415
-0.0537344329
0.0804552063
-0.00174096075
0.0018687119
-0.0395261943
-0.065306738
-0.032370083
-0.00455642585
-0.0382309705
0.0174160134
-0.0281133428
-0.0349891037
0.0343668796
0.0461384058
0.0205098502
-0.0912311077
-0.0256801471
-0.0336509608
-0.0068355524
0.0227196049
0.0319560431
-0.0568492673
-0.0332923159
0.00238946616
0.0278441999
-0.0473845042
0.0156709254
0.0244414359
0.00160772819
-0.0663799569
-0.0305452887
0.0177092943
-0.018967716
-0.0147166615
-0.0365786739
0.000142068107
-0.0104032308
0.00920844637
0.0560976453
0.0023672895
0.00581085775
0.0192012526
0.0355591923
-0.0820527375
0.0180367287
0.0634093508
0.00596818235
-0.0640006885
-0.115791678
0.0227818247
0.0620627142
-0.00461603003
0.00235406449
0.0842570737
0.0354143307
0.0258454494
0.0663871542
-0.0597082339
-0.0337494165
0.0550071821
0.071377404
0.0746470466
0.000326125359
-0.106283933
0.0148970196
0.0373704545
0.0223488417
-0.0184159186
-0.0238381643
0.0460171923
0.0192971528
0.0265431814
0.00131362502
-0.0497358218
-0.0393363535
-0.0456332676
0.0173170585
0.0403477885
-0.00526193669
0.0700990483
0.0464654453
0.00964353792
-0.000899600273
-0.0275421701
0.0733099878
-0.0157939382
-0.0128357224
0.0118004717
-0.0325385779
0.00103465933
-0.0597016625
-0.0918420777
-0.0714983791
-0.0147650195
-0.00391743379
-0.0179308895
-0.050568182
-0.017488746
0.0476366468
0.0445339829
0.0565340072
0.0368286781
0.00682352949
0.0200863518
-0.0977628306
-0.0574584194
-0.0506195761
-0.0255002007
-0.055465851
-0.0548487566
-0.0881017447
-0.0231830254
0.0595839396
0.0503548011
-0.0245366618
0.012448404
0.00638291845
-0.00318161189
0.00334472791
0.0373152643
0.00290858885
0.0726857185
-0.0520574972
-0.0691109225
0.0462209508
0.00960673019
0.0419949368
0.0798133537
-0.031470295
-0.00346602872
-0.0260213297
0.00108914729
-0.0197350811
-0.0344477519
0.0180682335
0.10128174
0.0599122681
0.00912408251
-0.0620299317
-0.0482530855
0.0787616447
0.0893007964
0.0459050387
-0.0869245827
-0.0254134052
0.0343041308
-0.00373428804
-0.11608199
-0.169093266
0.00825367402
0.0134913111
-0.0216844119
-0.060657531
-0.0791189373
0.00429299148
0.0844597369
0.058089789
0.0610042065
-0.0833090618
0.0492564179
0.0487854071
0.0448657945
-0.079124257
-0.147874549
-0.013691457
0.00487313606
-0.0760764107
-0.117781453
-0.226699606
-0.0609757788
-0.0477390774
-0.0846105218
-0.0850670636
-0.0499154478
-0.0758712664
-0.0452301763
-0.0329307728
-0.187469408
-0.259484529
-0.0587569438
-0.0423954278
-0.0365488157
-0.0905423388
-0.0541088432
-0.0415533297
-0.0998372138
-0.119507059
-0.0260566548
0.0460212454
0.0526272692
-0.0334940292
-0.0393157937
-0.0140756434
0.0405658819
-0.00465665618
-0.00370137044
-0.04301323
-0.0373066477
0.00813337602
0.0159616787
0.0283321515
0.00908216555
0.0196373351
0.00264238799
-0.0368661396
-0.0509369634
0.000996584538
0.0231479164
-0.0428834073
-0.0174730066
-0.0134531176
-0.0581950508
-0.117331199
0.0270978808
0.0169740468
0.0619590171
0.0501904152
0.025269106
0.0235718209
-0.00500292704
0.0859178379
-0.106091455
-0.0464096628
-0.102787912
0.0170884989
0.0528353266
-0.0317546688
0.0110308249
-0.0678323507
-0.00645980611
-0.0115290051
0.0154483039
0.0108979112
0.0291506555
-0.0523154214
-0.0258636028
-0.0274795834
0.0137417847
-0.010527025
0.0277295243
0.0357016884
-0.0247617885
-0.0814327374
-0.033170905
0.0101238377
0.0493403412
-0.0967521295
-0.0788765922
-0.114994563
-0.00478708558
0.0511276238
-0.0100833923
-0.00241038902
-0.00597771117
0.0662433431
0.0204184316
0.011321933
0.0231244229
0.0450309888
-0.0508852936
-0.010793251
-0.000871834112
-0.0324932598
0.0131456424
-0.00384931196
0.00643768115
0.000370315247
-0.00588061521
-0.00859195553
0.00528349867
-0.0240017306
0.0180173833
0.00184066675
0.0180155877
-0.0348407701
0.0280394945
-0.0178007055
-0.0245365854
0.0103207855
-0.016561592
-0.00162798108
-0.0150505817
0.0137841525
-0.0234943908
0.00118129351
0.017431343
0.0172092542
0.00824804138
-0.0341419317
-0.000782176503
0.0100282487
-0.038764175
-0.0504872873
0.0364822559
0.00722848997
0.0402581804
-0.0676156282
0.0309511665
0.00134016853
0.0153066125
0.0756232888
-0.0299583785
0.0150035089
-0.00709920703
0.00296100858
-0.0242876336
0.0152799068
0.0359296501
0.073296994
-0.00367983151
-0.0606566779
-0.0205819532
-0.0851351917
-0.0200679377
-0.0202398859
-0.0719428435
-0.132932454
-0.0290445425
0.0116942171
-0.0490486138
-0.152570531
-0.120342188
-0.084076114
0.0190651994
-0.176659092
-0.00438441429
-0.00367094832
-0.0194649585
0.00254715118
0.032819625
-0.0077593266
0.00517829321
-0.0130680883
0.020703014
0.00908257812
-0.0366478413
-0.00273503223
-0.00215809257
-0.0355097353
-0.00440578908
0.0146768624
-0.0418640487
-0.0804918781
-0.0384532772
-0.01240802
-0.0311311316
-0.0639380217
-0.0687640682
-0.0510841645
0.00291850255
0.00664252322
-0.0221846234
-0.0277141817
0.0176420845
-0.0102546681
0.0375675857
0.0328577533
0.0435300022
0.0361917429
0.0217740703
0.000382068218
-0.074106507
-0.147062272
-0.0117209023
-0.00926149543
0.0173808448
-0.0500820689
-0.0168054216
0.0369631574
-0.0317177363
-0.0352863744
-0.171123907
-0.251103967
-0.0202453732
-0.00567301456
-0.0844182521
-0.0807766169
-0.0205346681
-0.0871393159
0.0410078317
0.0583511852
0.134271711
-0.0603732802
0.00192594342
0.0289077573
-0.00925543532
-0.034789566
-0.0526983961
0.0205899123
-0.0500356555
0.0764156133
0.0803873166
0.123752914
0.0424754955
-0.0110296458
0.0326510854
0.0346546583
0.0505114757
0.0232604593
-0.024366077
0.00632266188
-0.0839560479
-0.0451232865
0.0250970274
-0.0149236601
-0.0064279139
-0.00374816265
0.0543733165
-0.037878748
0.0100197122
0.0394091718
-0.0073822327
-0.0232197046
-0.0126862843
0.00223097112
-0.000608745671
-0.0128110042
-0.0169337075
-0.0504673682
0.00854947791
0.0461904295
0.0825786665
-0.0193949118
-0.00440508779
0.0600969233
0.018817801
0.0853525847
-0.0162474737
0.0435848795
-0.00479011517
-0.0056559029
0.0197303761
-0.00541605102
0.027304098
-0.0971896201
-0.0720069185
-0.102203451
0.0384456515
0.0142433699
0.000688768981
0.0216066074
0.140522555
0.0931108743
0.0517503843
0.0246029887
0.0505070053
0.0625918508
0.0621978343
-0.0345747769
0.0473200753
0.00646871049
0.0230396502
0.025089778
-0.00112019607
0.0161514748
-0.0342224091
-0.0152251767
0.0228690393
-0.00820548646
-0.0757162049
-0.0276300721
-0.0741837919
0.075896211
0.0468587615
-0.0229749456
-0.0582532622
0.0194206685
-0.0272997804
0.0759530514
-0.0107152993
0.0433870554
0.0307347998
0.0387336649
0.0276034512
0.0018811418
0.0267171636
-0.0438580215
0.0816504285
0.0413412564
0.042359475
-0.03662806
-0.00966435578
0.00685749296
-0.00978146866
-0.0294863302
-0.0226492416
0.00848714262
0.0376649909
0.0083914334
-0.00275542936
0.00144052692
0.00129687448
0.0721246079
0.074891001
-0.0175221618
0.0676243678
0.0427651964
0.0658253059
0.151063636
0.0112410588
0.0523407646
-0.00845470373
0.0777034089
0.0619991533
-0.0225085821
-0.0592079982
0.00337886019
-0.0337910689
-0.0163435899
0.0417672656
-0.00901585817
-0.00290649408
-0.0362009071
-0.0709660426
-0.0333347805
-0.00468023447
-0.0303295795
-0.0116550196
-0.00501550082
0.0432056859
-0.00651928503
-0.025529949
-0.0262340661
0.00707930373
0.0418916792
0.0298622474
-0.00245103962
-0.0404551923
-0.0035133739
0.0318372734
-0.0120014623
0.0288785845
0.00787665136
0.00276063499
-0.0393197499
-0.0509540066
-0.0462234206
0.00177759491
0.0390274599
-0.0889163911
-0.0396278091
-0.0766830221
-0.0919400752
-0.0549978204
-0.0179273188
-0.0738748536
-0.108508795
-0.0720941052
0.0183843821
-0.0432917848
0.0418231152
-0.0108116418
-0.0663906038
0.0331244729
0.0398288928
-0.0181733631
-0.0324588455
0.0241598636
0.052279491
-0.00669217436
-0.0465061404
-0.0697920769
-0.0405124053
-0.0421121418
-0.0110718636
-0.0599232279
-0.0647895485
-0.0431869514
0.0662814602
-0.0287352502
0.0386011414
-0.0293083712
-0.0019926168
-0.0688195527
0.00814221427
0.00869156513
-0.0921313912
0.00818314776
-0.0484968126
-0.0135402363
-0.0256646853
-0.0219769087
0.00984581746
-0.0122856861
0.0253444538
-0.00648670271
-0.0272461064
-0.0355302915
-0.0273232255
0.00466024922
0.0146626374
0.0252983123
-0.0158655606
0.00645809108
-0.0151486034
-0.0251187887
-0.0292455815
-0.101004332
-0.0424115025
-0.0968718901
-0.00712757511
0.0474980958
-0.0399231575
0.0538916737
-0.00812175777
0.0620577894
-0.00626164488
-0.0220871679
-0.0107308049
0.0026456851
-0.050607454
-0.215264216
-0.0340122879
0.0310093183
-0.0268336963
-0.00683642318
0.053969387
0.035345532
0.0117672281
0.0166966449
0.0357470252
0.0218428951
0.00996544771
-0.0466931686
-0.0147165507
0.00105612515
-0.00892961584
0.0719487965
-0.0286341887
0.0105961785
-0.0334105976
0.0023208512
0.0351997353
0.0273443498
-0.058371257
-0.0293383189
-0.0126654441
-0.0127168596
-0.0136443321
-0.00934216101
0.0853000656
0.123253353
0.0477686971
0.0157544501
-0.0193597898
0.027636908
0.049804043
0.0469383411
0.0579355955
-0.0137828318
0.0583817065
-0.0097909756
-0.0184492879
0.00845333748
0.0202455092
0.00167876715
-0.0363363475
0.00782230962
-0.0384339094
0.0255880151
-0.0172542874
-0.0082293693
-0.00252073631
-0.00939172506
0.0131864939
0.0335110016
0.0533958003
-0.0679832697
-0.0276924912
0.0177255608
0.0176393129
-0.068480745
0.00613203552
-0.105104268
0.0384705849
0.0278854147
-0.0287535731
0.0178889651
0.0200688541
0.0629819036
0.0410240367
0.0348000973
-0.013261741
0.029267434
0.0309143439
-0.0262589119
-0.000116420619
-0.00392070739
0.0134932632
-0.00743751414
0.0282112584
0.0514825098
-0.0443443879
0.0180553608
-0.025068365
0.0519624539
-0.0807391629
-0.000198117428
-0.0671997517
-0.0113451267
0.0251994245
0.0077945902
0.0333516188
0.0184166282
0.00260305731
-0.00435361313
0.0141644636
0.00149384781
-0.00221405528
-0.034555126
-0.0156039009
-0.0460902005
0.021601405
-0.0430714451
-0.054270193
-0.077842392
-0.0744231269
-0.114842303
-0.0276480578
0.0456677116
-0.079194732
-0.0748432204
-0.0851728469
0.0104116676
-0.0299241897
-0.0204505231
-0.0150242215
-0.005428812
0.0446848944
0.00921044312
0.035064619
-0.00573500153
0.0160089657
0.0141325146
0.00278669293
-0.0018565089
-0.0185861066
-0.0142351231
0.0169033371
0.0378364883
0.017864354
0.0756633207
0.114793912
0.0930161402
-0.0558683835
0.0463931784
0.0401700102
0.0247733612
0.0427881032
0.0223543197
0.000364247913
-0.0263378192
0.00645731436
0.00285684224
-0.0190982968
0.0362696312
0.0146670509
0.00587604754
-0.0243878346
-0.0659302175
0.0186501257
0.0485841334
0.0437885858
-0.0204397663
-0.00668026181
0.0125301611
0.0429962911
0.000608246657
0.0444196463
0.00535321934
-0.00269778492
0.0118381521
-0.0131220482
-0.0407544747
-0.00743602775
0.0366774276
-0.0361131914
-0.00177673425
-0.0550205298
0.0382153988
0.0103917718
-0.0290947501
-0.00641965354
-0.0132427979
-0.00585832726
0.000967037864
0.0161221698
0.0338468812
-0.0131797511
-0.0366065539
-0.0539918654
-0.0554299764
-0.0362832248
-0.0114853568
-0.050386589
-0.019287467
-0.0465697274
0.000382158905
0.0564301051
-0.00737265544
0.0759464204
-0.0104313381
-0.00335708866
-0.00458912551
0.0167738758
0.0278428271
-0.0436238609
-0.00496938964
0.0217441078
0.00981867593
-0.0260354746
-0.0355428793
-0.0542348251
0.00731237745
0.00351339113
0.0499220751
0.049634546
0.0851306841
0.0274505485
-0.00240467465
-0.0302889757
0.0453109257
0.00727053406
0.0590593256
-0.0270201024
0.0129879862
-0.0124985408
-0.061036367
-0.0124500664
0.0129233338
0.0359492637
0.0127176074
0.0428268798
-0.0352386311
0.0325794406
0.0222891979
0.0100499643
0.026138762
-0.0480856001
-0.0593259409
-0.0687358454
-0.170185223
-0.0906268284
-0.0010404085
-0.0252205636
-0.134988144
-0.145496726
-0.181583703
-0.0263038445
-0.0718416125
-0.0572169647
-0.0261855908
-0.110939734
-0.00479532918
0.0328838974
0.0491349585
0.0239718072
0.0503570437
0.0333345011
0.0584339239
-0.0302699972
-0.0551220812
-0.0203096829
0.00529642077
0.0205607302
-0.00291722128
-0.0476787761
-0.113570184
-0.0546046272
-0.00948592275
0.0172953513
-0.0613965094
-0.087312445
-0.0445172302
-0.00200534286
0.0154253133
-0.0112750726
0.0014856928
-0.0188992638
0.0412408672
0.0343001522
0.0357858986
0.0284219198
0.0188084096
-0.0142731555
-0.0377333164
-0.0699854568
-0.00331501383
0.000103225851
-0.00735982461
0.00593145005
0.13289012
0.138785914
0.0403661579
-0.0411658064
-0.0250669215
0.0538135059
0.116176136
0.124938846
0.0235322453
0.0206276476
0.0233637001
0.0100419791
0.0030836428
-0.0134956287
-0.0122949881
-0.0270522684
0.0295112506
-0.0300449077
0.0291320253
0.0745428205
0.0480174087
-0.0474311858
-0.0494255871
0.026226975
0.0181822758
-0.0133874519
-0.0645024702
-0.00512859458
-0.0455826521
-0.0142300744
-0.101569176
0.00485946983
-0.0287242308
-0.0169264488
-0.0192345679
-0.0214447621
-0.0164536182
0.0362219922
-0.0145453131
-0.0327241533
0.00997221284
0.0444464311
0.0270526875
-0.0162866581
-0.04556299
-0.112387612
-0.211406887
-0.010787216
-0.0381599441
-0.0355443209
-0.108968049
-0.126403257
-0.0374023877
0.00601286907
-0.0413058884
-0.140802801
-0.20720084
-0.0843727812
-0.0258541647
-0.0786673799
0.0601884462
0.0231246911
0.0101247123
-0.037940722
0.014326903
0.0368171781
0.0250042602
0.0312837623
0.00426184945
-0.0269171651
-0.0180403683
0.0199262723
0.0258397702
0.0347183384
0.0317986608
0.0736379325
0.154165238
0.198107466
0.017911762
0.0713387355
0.157799259
0.167121306
0.143781409
0.00293987012
0.0357889682
-0.0373196155
0.10616044
0.0120839514
-0.00281447195
-0.00138398225
0.029331021
0.0366962813
-0.00615285058
0.0060133622
-0.0275416616
0.074407123
0.0915892944
0.0488133095
0.0232228488
-0.00314751756
-0.00860060938
0.0115996702
0.040656507
-0.0288615692
0.0131522138
-0.0273039434
-0.0396081246
-0.00954076834
-0.052194424
-0.0172469709
-0.0170125999
-0.026601823
-0.0204050727
-0.00541950529
0.0108331125
-0.0247065742
-0.00706621632
-0.0256391447
0.00186976849
0.0952805877
0.0781942084
-0.00881522149
0.0211996157
0.0214516465
-0.0194023903
-0.0647759363
-0.0577316731
-0.059598051
0.00898617133
0.0254296195
-0.0520402752
-0.0819745287
-0.0326708183
-0.000701530953
0.00949270651
-0.00415123627
0.0408356935
0.000479980838
0.0332415923
0.00102995406
0.0269734375
0.0186629836
0.0202468038
0.033630155
0.0766102597
-0.0271546133
-0.0426381119
-0.0275778938
-0.00769172516
-0.0235939007
-0.0351308584
-0.0351370648
-0.0426121317
-0.0422445908
0.0288269538
-0.0159872696
-0.0175516307
0.0678186864
0.0175049193
-0.0149286296
0.0101402905
0.0190261398
0.0494114906
0.0199220404
0.0471970439
0.000917798548
-0.0392100103
-0.0255471449
0.0099684
0.00421080599
0.0149419
-0.0146193793
-0.0141686127
-0.0167145953
0.0211169012
0.00308927149
-0.0130736623
-0.032667432
-0.0265126955
-0.0348330028
0.0227513164
-0.0141345318
0.0223312639
0.0165099539
-0.0317676738
0.0215339251
0.0151667595
-0.00681082997
0.0152671821
0.0135959042
-0.0277870689
-0.0330835693
0.012522487
-0.0309246946
0.0105992919
-0.0127386749
-0.00870747212
0.0184442662
0.0391605608
-0.0225467831
-0.0501381196
0.00988394022
0.0429258905
0.0204956736
0.00200968701
-0.0131993191
-0.0194290765
0.107192464
-0.0395415351
-0.0306260604
-0.00942366291
-0.0528201126
-0.119970992
-0.0529560968
-0.027187774
-0.0609971881
-0.047164809
-0.0574574769
0.0257726256
0.0309228338
0.00171946862
-0.00205533346
-0.0210418217
0.0225608982
-0.0839920938
0.0538156666
0.117670864
0.123658791
-0.0979039669
-0.0842835233
0.0218094625
0.00934996456
0.0648091584
-0.0374216363
-0.0690652728
-0.00283599016
-0.0324429981
-0.0682145655
0.0540371425
0.0259835869
-0.0309509691
-0.0739539415
-0.0961962044
0.0305030122
0.0180533361
-0.00158563978
-0.0170194432
-0.00208394835
-0.0253489427
0.0262454227
0.0288254861
0.00506973406
0.0148787508
-0.0903741494
-0.0254272167
-0.0031817616
-0.00196911721
0.0860180408
-0.0484709144
0.0543915108
0.0137960715
0.0210393257
0.0756345466
0.019607462
0.0274474751
-0.0107698543
-0.0195633136
-0.0543444939
0.00612731418
0.0196733549
0.0414590687
-0.0411182158
-0.0266812053
-0.0216112025
-0.0267382655
-0.0194950607
0.0428409055
0.0994477272
-0.0531752221
-0.122946605
0.0585248172
0.210662335
0.16092582
-0.0476130992
0.00307711167
0.0326085873
0.107728146
0.150100484
0.0817846879
0.0411111489
0.0382905491
0.0109320479
-0.0288712587
0.0442201607
0.121393822
0.0861955509
0.0545746461
0.0420014821
-0.0215081275
-0.0413323417
0.016601989
-0.000860856089
0.0205561202
-0.0529232435
-0.0250998549
0.000394583185
-0.0396862365
-0.000655773852
-0.0633019209
-0.0902789012
0.0100496057
-0.042288892
-0.0181045234
0.000407428714
-0.0570317991
-0.0238448102
-0.00578392204
-0.0132998489
0.0425815359
0.0414479338
0.00284417975
0.016797984
0.0157993566
0.0219846535
0.0464606211
-0.0246232618
-0.0695653334
-0.0463367179
-0.0584839843
-0.0185924564
0.0445531048
-0.0792340264
-0.0603919663
-0.0340552032
0.0477593839
0.0321981497
-0.00218650443
0.000153640387
0.0660852417
-0.0407443233
-0.0485072695
-0.0116683738
0.000408180378
-0.0235227533
0.00361976563
0.00726722879
-0.00676655676
-0.0229978748
0.0309042316
0.0274898447
-0.0636654049
-0.0505793095
-0.155643269
0.00934872124
0.0532696247
0.00730880676
-0.0332243368
-0.185281202
0.0389069952
0.0491837822
0.0320451297
-0.0449674316
0.00859173574
0.00936669949
-0.0250491966
0.0188041329
0.0334124193
0.0211381633
-0.0422930084
0.0232919976
-0.0422174484
0.00341683766
-0.0271880589
-0.00858568493
0.0340792537
0.0115751559
0.0496920086
0.00531035289
0.0242062602
0.00709884288
0.00212078635
-0.0578577146
-0.150741667
-0.00756997522
0.0567288175
0.0261644758
-0.0325475559
-0.127086103
-0.024663832
-0.00284307334
0.0177060682
0.00925628468
0.0262198541
0.00886666868
-0.0177139342
0.0206973236
0.0415312573
0.0560308583
0.0512911938
-0.0104081975
-0.0368598327
0.027945742
0.13216418
-0.0202875584
-0.0374580137
-0.117864817
-0.191192731
0.0444813371
-0.0755775198
-0.0481115654
-0.0533509031
-0.182708055
-0.300678462
-0.0646852031
-0.0900853127
-0.0252758563
0.0183058996
-0.179597557
-0.0581786223
-0.0305940676
0.0560015216
0.0336296633
0.0810707435
0.00766569329
0.035534732
-0.051248759
-0.0274262261
0.017740896
0.00888122246
0.0308511183
-0.0126616331
0.00515501061
-0.0189168639
0.0171546452
0.0230890028
0.0133577315
-0.0260105059
0.01584002
-0.0238968395
0.0109116333
-0.00206640619
-0.0248493087
0.0231647622
-0.0348335318
-0.0110899443
0.0223978367
0.0321228988
0.00471362565
-0.132167578
-0.06302239
0.0385769717
0.0754911825
0.0723001659
-0.0982525796
-0.0779138878
4.11645451e-05
0.0769982487
0.11693693
0.0128854103
-0.0393290222
-0.00134574529
0.020854393
6.50456132e-05
0.0822957605
0.0102762943
-0.0341280922
-0.0277340449
-0.0683189705
0.0196679123
0.0356496535
-0.0103391493
0.0286543183
3.23578206e-05
0.0291651133
-0.0200649351
-0.0364322662
-0.0085490495
0.0822363868
-0.00356751611
0.0256757569
-0.0475298427
-0.0446286425
-0.0101638352
0.0161228776
0.0214145295
-0.0750050098
-0.0398952104
-0.0320135728
0.0129922638
-0.0110768611
0.0477465577
0.0252602417
0.00424192008
0.0126448842
0.0312090758
0.00956400577
0.0536943562
0.00696173171
-0.0190658066
0.0429769158
-0.0342706144
-0.0119295111
0.0224757977
-0.0845790058
-0.0504019149
0.023587836
0.0801425725
0.0593170933
0.0511913374
-0.0170696527
0.0905609131
0.0565468259
0.090785034
0.119980022
0.115050778
0.0550528876
0.0249981955
0.0435858183
0.0468482412
0.0603637137
0.0545416363
-0.0278596655
-0.0372122899
-0.0152308652
0.0111436509
-0.0576276705
-0.0365954265
-0.00454592891
-0.00422053784
0.032859765
-0.0011077947
-0.0593432896
-0.0353154577
0.0131843183
0.0269422513
0.000660522375
-0.0072165844
0.0180097241
-0.00974659994
-0.0392263532
-0.0245701354
0.0324269757
-0.0410689786
0.0224318374
-0.00639845524
-0.0292487051
0.00864244532
-0.0169928502
-0.0554558486
0.0596835613
-0.0254573766
-0.0292916931
-0.0160457771
-0.0246574339
0.0231374875
-0.0069334046
-0.0252762865
-0.0263573732
-0.0640818849
-0.0538845137
0.00268830289
-0.0723685622
-0.0577337556
-0.0508230925
-0.100072406
-0.0603768937
0.00311031099
-0.061295215
-0.0109056346
-0.00673450809
0.0251086
0.033600118
0.0261682756
-0.000253259292
0.0124699436
-0.00767253619
-0.0740265697
-0.068674773
-0.0308626611
0.0051462641
-0.0129789496
-0.0326661095
-0.0654641315
-0.0102673518
0.031288743
0.00229646964
0.0253778715
0.0634966865
0.0172041655
0.0126013188
-0.0497223511
0.0139105637
0.0197911188
-0.0177245829
0.00933018886
-0.0144276228
-0.0192342624
-0.0175466575
0.035470672
0.0254125092
-0.0316807777
-0.0115458304
-0.00163284887
-0.0321065746
0.00457579549
-0.0139649436
-0.0225590337
0.00718200579
0.0195134971
0.0448731594
-0.0236746892
-0.00351522933
0.00380479498
-0.00282085221
-0.0209583044
-0.0525592677
-0.0189340971
-0.0204876065
0.0301608052
0.00269910321
-0.0143681336
-0.0102157546
0.0415792465
-0.100581907
-0.113078058
-0.0365275964
-0.0126602864
0.018851826
-0.0477612391
-0.0589424782
0.00957121886
0.0905236974
0.043166507
-0.0371087939
0.00271730823
0.0159730632
0.0363918319
0.0509526655
0.0515474081
0.0131746205
-0.0130774621
-0.0260678623
-0.0958464965
0.048566591
0.00175388448
0.0162138864
-0.0365615748
-0.011054147
-0.0617137365
-0.0264758971
-0.0319811255
-0.0161668975
0.0336967297
-0.0283772349
-0.02659191
-0.0165961292
-0.0639592782
-0.209041536
-0.0199297834
-0.00371462246
0.0430123955
0.00922422763
-0.0481430329
0.00441647973
-0.0348380692
-0.0389619842
0.0278634429
-0.0404121615
0.0453282185
-0.0452532992
-0.032023076
0.016453376
0.00876169093
0.0249649603
-0.00396250747
-0.025161013
-0.0149990115
-0.0354678147
0.05583895
-0.00154253654
-0.0200005043
-0.0590651892
-0.0528721474
0.00561933126
0.00487822806
0.0183339901
-0.0133985495
-0.00693719694
-0.0239876378
-0.0205534417
-0.00502988603
0.0372161195
0.00166269252
-0.0502190627
-0.0103313224
0.00795181189
0.0408208147
0.0334962234
-0.0243927818
-0.0126889572
-0.00115728809
0.0171802305
-0.00147886318
-0.0279155243
-0.0262917969
0.0490212329
0.00838767923
-0.00435048761
-0.0378162116
0.0189327877
-0.00960689504
-0.0581333451
-0.037903022
0.00537652336
-0.0119731901
-0.0536139719
-0.0216725301
-0.0281032175
-0.0187653396
0.00984438043
0.0462873913
0.0184585862
0.0181979388
0.00324818236
0.0190138556
-0.0139801474
-0.0130259581
-0.0188548993
-0.010054131
0.0220208783
0.0239873193
-0.00859257951
0.0493126102
-0.0528903119
-0.0170537028
-0.000232090839
-0.0200195238
0.0344444551
-0.0291052461
-0.0187161472
0.0255225338
0.0133119849
0.00278203655
-0.0116256606
5.48516982e-05
-0.0125519233
0.0308828503
0.00482065789
-0.0054307892
-0.11244256
0.0456665345
0.127335042
0.0810462534
-0.1077675
-0.128796488
0.0536332615
0.0969320461
0.121709496
-0.00285971072
-0.0412610918
0.00870357919
0.0975849256
0.0733507574
0.0912076011
0.0892388895
0.0541332364
-0.0100616943
-0.0839252546
0.0426644161
0.0500148088
0.0589470342
-0.0237453263
-0.0181599949
0.0228843428
-0.0209703296
-0.0454530977
0.0152173545
0.0398096777
-0.0345115773
-0.00599722564
0.0118908221
0.00797753781
0.104382664
0.0119840996
-0.000292131881
0.0383525491
0.0227022972
0.0177465919
0.0305293798
0.0107304817
0.00349967089
-0.00189228705
-0.0458114073
0.0384465121
0.0539831072
0.00722798565
-0.0541085713
-0.0397534333
-0.0643531084
-0.00520615745
0.00736888777
0.0116248541
0.0065752645
0.0333700702
-0.0229881033
-0.0177774951
-0.100186825
-0.0426443927
-0.0209374353
-0.0931565911
-0.0772300139
-0.156337902
-0.214050382
-0.0484796949
-0.0488734134
-0.00380321755
0.0463566706
-0.0778947175
-0.00126221729
-0.0426370464
0.00628672773
0.00674193026
0.0373725146
-0.0350645445
-0.0243290626
-0.00986719131
0.0200338904
0.059374053
-0.0706474259
-0.0421323217
-0.0231675208
0.0103477659
0.113581665
-0.0837286413
-0.012530623
0.0233026184
-0.0478775725
0.0511851348
0.0110021411
-0.00337903877
0.0080946628
-0.0302523542
-0.0240906216
-0.00179957936
0.0741486475
0.0337838754
0.0152559923
-0.00530920317
0.0158456247
-0.0415151566
-0.0974564999
0.0537171885
0.0400517732
-0.048665043
-0.053630475
0.0105971182
0.104871809
0.114807196
0.0294290539
-0.0136240944
-0.0133173577
0.140176654
0.0900554508
0.0268999655
0.0977324247
-0.0170885809
0.0316885412
0.0311417617
0.02604842
0.0486694574
-0.0283597037
-0.0532953851
-0.058140818
0.0491992831
0.0157536194
-0.0122173643
-0.0441053435
0.0107733272
0.0297844503
0.0655720159
0.0149149317
-0.155054674
-0.25194785
0.0251530167
0.00752850343
-0.0017849853
-0.128947094
-0.24642171
-0.0192325916
-0.0118965786
-0.0013576987
0.0484263822
0.0158445779
-0.0545051731
-0.0463192239
-0.0787327737
-0.00166645308
0.0741733462
0.00690387376
-0.0114903701
-0.0161444638
-0.0194212478
-0.0111246724
0.0268380698
-0.0273267683
-0.0100208409
0.000209815073
0.00811555423
0.0430547073
0.0588471703
-0.0219075233
0.0183098465
0.0416466445
-0.0243703332
0.0239615664
0.0367474034
-0.0174971987
0.0234245658
-0.0359871015
-0.0368384719
0.038344495
0.0249997042
-0.0668886974
-0.0148655297
-0.0133783799
-0.022347169
-0.0760688186
0.00721954461
0.00806032214
-0.0430935137
-0.129529327
-0.0784510449
0.00192198111
-0.0368624479
3.08515991e-05
-0.0186472237
0.0081385728
0.0733525306
0.00984181464
0.0364596993
-0.0275013335
0.0519617349
0.00618147664
0.0142358383
0.0257814955
0.0380931497
0.016399771
0.013032834
0.00846389122
-0.0393930972
-0.032466501
-0.012268601
0.0459157005
0.00844905712
-0.0731359646
-0.0968090892
-0.0756382644
-0.00840979163
-0.0124179972
-0.0305406395
-0.00417835731
0.0264653768
0.00818003621
-0.0166464224
-0.0119545814
0.00166451058
-0.00463509746
-1.89643124e-05
-0.0209090654
0.0443436317
0.0785062537
0.0339955986
0.0234234408
0.00218287064
-0.0243540797
0.0208190419
0.0347598642
-0.00112565386
0.00535518862
0.0248137601
0.00728166057
0.00744368182
-0.00423989724
0.01678106
-0.0278109368
-0.0303113777
0.0269382689
-0.0309935678
0.0349342264
0.0150549142
-0.0019173614
0.03473939
0.000207649107
0.0227930397
-0.0135361906
0.0184984766
-0.0286905915
-0.0244080387
0.0410256833
-0.0072159972
0.00388006703
-0.0511262119
-0.0134053016
0.00851934869
0.0411130264
0.00538064912
-0.020304108
0.0501190759
0.0154676326
0.0224653762
-0.0116059659
0.00725481613
0.0486627184
0.0101407226
0.036424499
-0.0304876436
0.0256477017
0.0106904823
-0.0465168878
-0.0136210322
-0.035851758
0.0443758368
-0.0335572921
-0.0149986381
0.0268268306
0.0704128891
0.0161525328
0.0377839878
-0.056192942
0.0147680622
0.0378101021
0.0557586849
0.0193090569
-0.194159403
-0.0237350129
0.0167331249
0.0472652689
-0.0318687633
-0.136872783
-0.0649190843
-0.0325850919
-0.00144503615
0.00849069282
-0.0514777154
-0.0600420274
-0.0165836662
0.0289605223
-0.0212194584
-0.0412271321
-0.0752257258
-0.0686586648
-0.0815571323
-0.0501570813
0.00209128624
-0.0291549377
-0.0536134094
-0.0124060754
0.0596649647
-0.0142086223
-0.00944098923
0.0330876485
0.0730251148
0.0434194095
-0.00744197285
-0.0618798025
-0.025377024
0.0147154471
-0.0458899289
-0.0546793342
-0.0291572809
0.0740977749
0.0572419874
-0.00444247713
-0.0315894485
-0.0654370487
-0.0155750802
-0.00617579604
-0.0246249642
-0.0511363745
-0.0322204232
-0.0213160217
0.0169290602
0.11242421
-0.0690765753
-0.107850872
-0.0394974872
0.0689203292
0.0353096686
-0.0371695161
-0.212560564
-0.096510604
-0.0704621822
-0.110240348
-0.0153953275
-0.0900542438
-0.0733342618
0.0116445031
-0.0152007146
0.0597209707
0.150552273
0.0930030644
0.0193473008
0.0257892273
0.0162718687
0.0579933971
0.0854905546
-0.0423433855
-0.0644192472
0.110201843
0.0236284472
-0.00673145708
-0.0828247368
-0.081065394
0.00579890842
0.00819853507
-0.0268078856
-0.0203576703
0.0167148989
0.0224525388
-0.0153022623
-0.0368851796
-0.00347768096
0.0304426923
-0.0476524495
-0.0318125524
-0.0556807779
-0.0911176875
-0.0371718816
-0.00620344654
-0.0266111884
-0.0474864319
-0.0909902975
-0.0170864835
-0.0388763472
0.0429678299
0.0401871428
0.0133746611
0.0265166368
0.0168130342
-0.0180875026
0.0591078065
0.0541921444
-0.00363297435
-0.106854893
0.0586135276
0.0462156385
0.0135496883
-0.0406469069
0.0206074174
0.0306889471
0.00187412009
-0.025326265
-0.0117265349
0.0125809889
0.0272465367
-0.116493098
-0.124559872
-0.00439218897
0.00749287661
-0.00898887776
-0.00852590613
-0.0499635972
0.0230239052
0.0398898982
0.0819892734
0.0508456454
0.0298475474
-0.00828183629
0.0180989001
0.0768022165
0.0706978589
-0.0384461768
-0.0254317801
0.0477665402
0.0175795872
0.0109937675
-0.0315882899
-0.0238418747
0.0392532721
0.0206337832
0.0241520256
-0.057909891
-0.0848577991
0.0254291967
0.0629305467
0.0318705589
-0.0941047966
-0.0415010452
0.00569851976
0.0370450802
0.0573604703
-0.0189563967
-0.037510749
0.012985439
0.052080635
0.0187231377
0.00652165757
0.00657898746
0.0295590963
0.0202849898
0.0298762489
0.043211434
-0.0264848266
0.0109148854
0.0445872471
0.106190793
0.0632141978
-0.0231848601
0.0424893387
0.0566600002
0.107503079
-0.0301518422
-0.08230225
0.0187036637
-0.0155646037
0.0453583598
-0.028189946
0.0191105995
-0.0425838605
-0.0592624247
-0.078272514
-0.0402469859
0.0264164526
0.0644223243
0.0502184704
0.0119566657
-0.0229434036
0.0183062553
0.0400796123
-0.00761751225
-0.0754412189
-0.0432623513
0.0189723074
0.00977789983
-0.0134574519
-0.0368799269
-0.000387484004
0.04351772
-0.0130638732
0.0402804613
0.0126131922
-0.00582489325
0.0195026845
0.0118357185
0.0226240512
0.0631498024
0.0351895392
0.0239161607
0.0153070269
0.0324338675
-0.0144393509
0.00251052459
0.0918221697
-0.0675958619
-0.0565458238
-0.0293673184
0.0346140265
0.0210947581
-0.0567275062
-0.0340934061
-0.0322008394
0.025119327
-0.0692258328
-0.0765795857
-0.0194485802
-0.0210184772
0.0163000766
-0.00829856656
-0.0424394533
0.0130402697
0.0105116675
-0.011998185
0.0416252501
-0.00425576
0.0229716823
-0.0163027775
-0.0342382863
-0.013141253
-0.0236720331
0.0389790088
-0.0713484809
-0.0345290974
0.0477320515
0.01234621
0.0219308641
-0.0343150645
-0.0431240052
0.05362048
0.0293572303
-0.0225084648
-0.0777932927
-0.00880301092
0.0493490174
-0.000431874505
0.0328445025
-0.0262876339
0.0252011288
-0.0510898456
-0.052620247
-0.0914673731
-0.109469675
-0.0740174726
-0.0503269918
-0.0414646119
-0.0337138362
-0.0504468605
0.0393807516
0.0704552904
-0.0967257097
-0.119817443
0.0017263242
0.0695621073
0.0353708975
-0.0994240567
-0.124959297
0.0223829895
-0.00858697202
-0.0345431417
-0.113199934
-0.060742218
-0.000897894497
0.00201041368
-0.00681139901
0.00635291077
0.00903010927
0.0312008224
-0.0599199496
-0.0433987938
-0.0216650981
-0.0198741909
-0.0466847196
-0.0998061523
0.000386483036
0.00452115014
0.0547887348
-0.0107739205
-0.0474863462
0.027564628
0.0256489106
0.00100391184
0.0381440744
0.00059270428
-0.0101785176
-0.0102125639
0.0579636618
0.0262754206
0.048462186
-0.0212334562
0.114120208
0.134170175
0.0811463073
-5.06625438e-05
0.0426105782
0.0533552729
0.0134927155
0.0700241476
-0.029188348
-0.10734681
0.0603407435
0.063952148
0.0108951647
-0.0668616295
-0.0531555824
0.0547696277
0.0389545001
0.0461646765
-0.0333382115
0.0641364083
-0.0834926516
-0.0731319934
-0.0194271281
0.01612469
-0.00717014261
0.0780918077
0.0100858025
-0.0656354725
-0.0741958469
-0.0364109017
0.0259553418
-0.0695765913
-0.13301155
-0.090717122
-0.00915750209
-0.0518247969
-0.0138790198
-0.102657519
0.0102884788
0.0832513273
-0.020538101
-0.0296899136
-0.0356374905
0.044953011
-0.0248030517
-0.00422768435
-0.00723865535
0.0543892235
0.0156014534
-0.0602077618
0.0575505979
-0.0187877007
-0.005698964
-0.041593574
-0.00745356083
-0.0358955078
-0.0487836562
-0.0923635587
-0.0423091799
-0.00843458623
-0.0355168842
-0.0124846846
-0.013697071
-0.0214102156
0.02339915
-0.00482700719
0.0172652695
0.0251943823
0.045910798
0.0452179275
0.0142489178
0.0388531573
0.0558531173
0.0451180637
-0.00471967272
0.0961987451
0.00170973118
-0.0786728412
0.0216341745
0.044265084
-0.000346690387
-0.0751565546
-0.0589696206
-0.0255003925
-0.0246300325
-0.0588228069
-0.0425731465
-0.0343510062
-0.000267160824
-0.037559364
-0.0267035048
-0.0186844766
-0.00988247804
-0.0431492589
0.0474620424
-0.0200068019
0.0155710317
-0.013195035
0.0173470564
0.0259047132
0.0823597163
0.0865243077
0.0380850919
0.0202475358
0.084046945
-0.00181300333
0.0212065391
0.0496007316
-0.0209422726
-0.099527359
0.0439624824
0.0230355393
0.0299636833
-0.0944452658
-0.0565016046
-0.0168543644
0.0151866665
0.0115903579
0.00250190147
0.0324168056
-0.0227221306
0.0142790638
0.014858447
0.0226027593
0.0347706899
0.0488163866
0.0527631752
0.00224192766
0.0218338706
0.0541518033
0.0121385241
0.0391257033
-0.0361147486
-0.0763302147
0.0107759601
0.0174103267
-0.0094837686
0.0231328923
-0.0967409983
-0.0536750853
0.0105559621
0.0260653812
0.0294630714
0.0302874725
-0.0151162902
-0.0150575815
-0.000120110242
0.0467606708
0.00727276132
-0.0201321486
0.0403424762
0.0339131765
-0.0118386559
0.0202360451
0.0328973085
-0.0149613163
0.0198952537
-0.00547116483
-0.0560300015
0.0036160117
-0.0104254605
0.0409416035
-0.0128496205
-0.00614417577
-0.0322515927
-0.0112711871
-0.000871150871
0.0383246765
8.18298286e-05
0.0316631943
-0.0427113324
0.0459626056
0.00687777204
0.00573975313
-0.00155035884
0.0615138784
0.0804682896
0.0546375737
0.0375338532
0.00425785221
0.0331599228
0.0276727807
-0.013327538
-0.0262842365
-0.039043121
0.0216245446
-0.0172449425
-0.0162541252
-0.0628206879
-0.0747744069
0.0197371226
0.0275973603
0.0409550369
0.00203679246
-0.0161852129
-0.000591853575
-0.0598510578
0.0455872007
-0.000729506195
-0.0310289711
0.00368439453
-0.0685789734
-0.0284198355
-0.0356120355
-0.0165592693
-0.0474785119
-0.0209527239
0.0098834727
0.0912931934
0.152194768
-0.16995357
-0.147667661
-0.0319285206
0.0970311388
-0.0303918384
-0.0944603086
-0.2075793
-0.0673004985
-0.0265401527
0.00384010514
-0.000677746662
0.0178831033
0.00250313431
0.0394418724
-0.0253037699
0.0331414491
-0.0487205498
-0.0897797048
-0.0658499897
-0.0297191888
-0.0299231149
-0.0472616814
-0.0878256783
-0.0839449093
0.0272215549
0.0022685423
-0.0408189707
0.00681549544
0.0483146347
0.0884053707
0.0219558738
0.0023617479
0.0165698733
0.0460281074
0.0174919162
0.0197675135
0.0228247996
0.0800855458
0.0916944891
-0.0149260703
0.0513922982
0.0309293307
0.0342303067
0.0742790624
0.0183618777
0.0180260092
0.0168606956
0.047069639
0.0581266508
-0.0426751599
0.0930281132
0.0048879846
0.0587024353
-0.0264256466
-0.101194188
0.00528447377
-0.0049190172
0.0390885882
-0.010621991
0.0209421515
-0.021949973
-0.0335753337
-0.088610366
0.0118373465
0.0146801928
-0.00536369532
-0.0234149322
-0.0206862912
-0.086546734
-0.0317521133
-0.0538587645
-0.0329856277
-0.00535498001
0.0381752737
0.0662510023
-0.00844558701
-0.00481661968
0.0484166443
0.0914185196
0.0295644701
-0.056219738
-0.0816666931
0.00663551781
-0.00104317185
-0.00481732702
-0.195972368
-0.0439897291
-0.0084136771
0.0251033939
0.0249611363
0.0201631952
-0.0509193055
-0.109268114
-0.0670755059
0.0157778915
-0.0157986488
-0.131503507
-0.0878369063
0.118947826
0.117939897
-0.120685503
-0.184432387
-0.0992954224
0.0297588445
0.0240820833
-0.0374992602
-0.14043133
-0.0297867786
-0.0635155886
-0.0807380676
0.0207305439
0.0190178845
-0.0254561026
0.029019529
-0.00905533601
0.04748521
0.058857765
0.0610304512
0.0386061817
0.0431880802
0.00370005844
0.0190799329
-0.0202600658
-0.0294596497
-0.105656192
0.0216171257
0.0103477547
0.0258566383
-0.0890655518
-0.0767747238
0.0354752466
0.0215250589
0.0573663116
-0.0321374275
-0.0325858295
0.00417546974
0.040090993
-0.062064603
-0.0891844332
-0.0721734911
-0.0125336042
0.000861370936
-0.0318528488
-0.0532848127
0.00296815881
0.0263009537
-0.000246874493
-0.00970284361
0.0566579103
0.0463297516
-0.0016632888
-0.0251254775
0.0278174002
-0.0563565493
-0.0208297372
-0.0112995524
0.0245733391
-0.0238590501
0.069616586
0.00467202859
0.010853406
-0.00177050068
-0.0361072943
-0.080600664
-0.0452568568
0.03389965
0.0950410217
-0.0262157954
0.00759131648
-0.126217723
0.0657107309
0.0539315045
-0.0338109061
0.0243039299
-0.0737794042
-0.0216731355
-0.117225096
-0.0928671435
-0.0297110025
-0.0204104632
-0.0351483449
-0.0373036079
-0.0650531054
-0.0617799386
0.0425611734
-0.0768516585
-0.08846654
-0.0151555808
-0.0274351295
-0.0146295466
-0.0246943887
0.0170967672
-0.00116928166
-0.0449031815
-0.137478724
0.0478544831
0.0605555512
-0.0134503329
0.000400618068
-0.0395294391
-0.0306178927
-0.0180710144
-0.0292948093
0.0323959067
0.0460073948
-0.0487001836
-0.0307349171
-0.10965094
-0.0658974797
0.0725547746
-0.0537166595
-0.0709206834
-0.0877983868
0.0228302479
-0.0401144437
-0.0254172962
-0.017558651
0.0324944556
-0.0335104056
-0.0147169465
0.0115625821
-0.0324142873
-0.0088515766
-0.0112038935
0.0350753702
-0.00350416079
0.00874584634
-0.000721549848
0.0112846671
-0.0110664228
-0.029899044
-0.00771256583
-0.0168479681
-0.0290562082
0.0313094594
0.0344742909
0.020509636
-0.0282804109
-0.0211454295
0.0047029173
0.00567440456
-0.0431280173
-0.00902012736
-0.0496871695
-0.0389652476
-0.037246082
0.00481218845
-0.0071454267
0.0371134654
0.0692164898
-0.0393500552
-0.0920706019
-0.0250380076
-0.055758588
-0.0308175161
0.0147677353
-0.00967600942
0.00957548246
0.0139749646
0.0416870154
0.0728715584
-0.0099367667
-0.0144696319
-0.066300258
-0.138755247
0.00388669036
-0.0806369707
-0.129648626
-0.116337031
0.0240042377
-0.0128618535
-0.0451790281
0.04155422
0.063934043
0.0266823284
0.0388823524
0.0838244185
0.00905841962
-0.00196670881
0.00924045965
0.051443886
0.0982093066
-0.0461979657
-0.0267278794
0.0459772572
0.0320851281
-0.032237675
0.00416352553
-0.0101787951
0.012768073
-0.023984313
-0.00824302342
0.0167840607
-0.00134774158
-0.0200448502
0.0473158211
0.0321904235
0.0234515592
0.0724260733
0.00714575313
0.0122544896
0.0321695469
-0.0303531401
-0.0286605489
-0.0356024466
-0.00409446564
-0.0288443211
0.0317499973
0.035042569
0.0629316568
-0.00963408872
-0.118085071
-0.147732317
-0.0899375603
-0.121730536
-0.0346875787
0.014300717
0.0276709106
0.0384071618
0.00278353156
0.00837357435
0.0570786633
0.123396263
0.138984025
0.0214489382
0.00501315854
0.0333003588
0.0512558408
-0.0518675782
-0.0139150852
0.0108806128
-0.03077152
-0.0944971293
0.09937381
0.0112831239
0.0345829688
0.00340909441
-0.0635091513
-0.0124598145
0.0140641322
-0.00422390737
-0.0869064704
-0.177377269
0.011356811
0.00509942695
-0.0619236343
-0.0242737439
0.0404384583
0.0026100988
-0.00239203009
0.0154001331
0.091107659
0.084540695
0.0476010703
0.0193479247
0.115774788
0.104723938
-0.0345949642
-0.0214096084
0.0202706177
-0.0164863393
0.0403842479
0.00532518374
0.0018466122
0.0514487252
0.003850237
0.0314141326
0.0342164151
-0.02684379
0.00483858213
0.104001157
0.109610893
0.0518455058
-0.007405065
0.00648231152
0.0220015347
-0.0550148822
-0.117683858
0.0117989145
-0.0255485568
-0.0842868388
-0.0345145054
-0.0452943966
-0.0607551113
0.0209833942
-0.0321904197
-0.0890471488
-0.108935684
-0.0182380397
-0.054372631
0.0285359193
0.0827111155
0.0464408658
0.0283151381
-0.0740621686
0.082038112
0.0496516973
-0.0220007505
0.013184526
-0.0136048282
-0.0441206768
-0.0910781622
-0.0660766065
0.0406268723
-0.0601467341
-0.0558004454
-0.0252498314
-0.0681797341
-0.0281020496
-0.0796665475
-0.0557428226
-0.0856910869
-0.0199982561
0.0563753732
-0.0574036874
0.00302683562
-0.0404944643
-0.00273819314
-0.0639874637
-0.0694222152
0.0262310598
0.0372171998
0.0304040406
0.0308691151
0.0210540369
-0.0497212
-0.0400971249
0.0225539953
0.0120033808
-0.00217828434
-0.044020284
0.0406194292
-0.0375582017
0.0128155248
0.00716935797
0.00977784023
-0.0373128541
0.06607645
0.0208972991
-0.0819129646
-0.03076878
-0.0160055775
-0.0419617072
-0.0100977272
0.031763684
-0.0617619604
-0.0773993656
-0.064066194
0.0038645782
0.06906683
-0.0420843996
-0.0660713688
0.0429918952
0.00798779819
-0.000457327493
0.0607611686
0.0269544739
0.0329870731
-0.0353477821
-0.0119313113
0.0364836939
0.0765230805
0.0399824977
0.0124042667
-0.127117306
-0.0216442421
0.0289227292
-0.0226438101
-0.0304046068
0.0199709237
0.0269708689
-0.0150694046
0.0357965529
0.00710467622
0.0218166709
0.00622338802
-0.0729855299
0.0125855189
0.018326873
0.0196661297
-0.0138491001
-0.0229983032
-0.0476984829
-0.0149623146
0.0193764046
0.00719990162
0.00200128066
-0.0141268913
-0.0105993915
-0.0158270858
0.0409742929
0.0595104396
0.0529322587
0.00288803293
-0.0280107446
-0.00474672019
-0.00153461169
0.0666421652
0.0209309906
0.0694098696
0.0495989807
0.0711826757
-0.0342663154
-0.0301996302
-0.0105472477
0.039492134
0.0167065375
-0.00845052209
-0.0173217431
0.0532172248
-0.0205880981
-0.044659514
-0.0604217537
-0.0350368358
-0.0066533084
-0.0177177638
0.0193911884
-0.0374999493
0.00451616524
0.0281059183
0.00532654999
-0.00995968655
-0.0196512602
0.0119115766
-0.0689083785
-0.0319940634
-0.019335825
-0.000380040088
-0.00406637741
-0.0194059703
-0.0280745085
-0.0258775298
-0.00919694919
-0.028984081
-0.00875199959
0.0444800295
-0.00929058716
-0.0157564655
-0.0838955492
-0.0495636724
0.06021237
0.0382984281
0.0463015698
-0.0165975913
0.0452785306
0.0641373843
0.114431635
0.0314223431
-0.0217265859
0.0122863743
0.00290722703
0.0575543866
-0.109106645
-0.0658316389
-0.00462124078
-0.0149263833
-0.0201648958
-0.0735796615
-0.0577149466
0.00938298274
0.0602373369
-0.132134378
-0.18018429
-0.0157970637
-0.0793829411
0.00540201459
0.0427726246
-0.0560145527
-0.0312915295
-0.00173768541
-0.00674911728
0.0344728455
0.017624516
-0.00615948206
0.0146607393
-0.0234098285
-0.0146152871
-0.0460120775
0.051429946
-0.00640799571
-0.00139929703
-0.00226424891
-0.0428701602
0.0135288043
0.0225986149
-0.0351144113
-0.016900681
-0.00171610899
-0.0343037434
-0.0115321632
0.0221626256
0.00403149007
-0.0710788369
0.00944963004
0.0186935943
-0.0101038255
0.0107748928
-0.0354419053
-0.0128411101
0.0326332599
-0.0414812751
0.00402727909
0.04337034
0.0132885352
0.00807127543
0.0463294201
0.120407775
-0.00120386865
-0.00131582352
0.0569353439
-0.0119749671
0.0370011739
0.00652814051
0.042652376
-0.0300567336
0.0493728295
0.0120177083
0.0154404789
0.0334671363
-0.14126575
0.0596683249
0.07733199
0.042914737
0.0591632314
-0.0588735417
0.0196340848
-0.0159775466
-0.0221404675
-0.053208027
0.0675875992
-0.0797076821
-0.0428504795
-0.00757617131
-0.0554749295
-0.00906499103
-0.0649712533
-0.0634317324
0.00881557912
0.02407193
-0.0693072304
0.0542613082
0.104949698
-0.000986643019
0.0154714286
-0.084658429
0.0545466952
0.01942477
0.0274095442
0.0353590176
-0.030746039
0.00934942812
-0.0458437651
-0.0254215766
0.0198438764
-0.0123455049
-0.0228691269
-0.10567829
-0.0203273036
-0.0191091187
-0.0360480249
-0.0688306764
-0.0913310423
-0.00258860947
-0.0536594652
-0.0730175376
0.0295287482
0.0525423437
0.0913695768
0.0558528565
-0.0755249038
0.0206150506
0.0304440837
-0.0081234742
-0.0163559224
-0.00711879414
0.0213701967
0.0501586087
0.00747765694
-0.0629452765
0.0060005784
0.0399685614
0.0672847554
-0.0478365012
-0.0290598348
0.0218215846
-0.0277682338
-0.0377089903
-0.0806557611
-0.0084200725
-0.0307977255
-0.0287933312
-0.0815473944
-0.0954765752
-0.0958909765
-0.0466085188
-0.0526073501
0.0411245897
0.0224293787
0.0649833679
0.0440685488
-0.0235484205
-0.0388067365
-0.00698425202
0.0610347651
0.0194095038
-0.0137105221
-0.0132085625
-0.0374399312
-0.0251451097
0.0313026272
-0.0111850183
0.00938041043
0.0512664057
-0.0284660794
-0.0308155138
-0.0332614444
-0.00540215569
-0.0407639779
0.00150143984
0.00102644775
-0.00888046529
0.024356205
0.000337854086
-0.00818973035
0.025344884
-0.0495086387
0.0410181545
0.041217126
0.0411206149
0.00235426798
-0.0107376613
0.0342948474
-0.022581961
0.00279110949
0.0261038933
0.0224017221
0.0210286919
0.0142005589
-0.0119327828
0.00156159466
-0.0303074773
0.00425303588
-0.0788563266
-0.0187386051
-0.0416284613
0.0233642533
0.030266704
0.0418303348
0.0368365161
0.0502355918
-0.0491658822
-0.0716199875
0.017525509
0.0360900164
-0.00452257786
-0.0231738016
0.0235041492
-0.0389430337
0.0208988413
-9.71982445e-05
0.0171432681
-0.0547477119
-0.0455036722
0.00582335191
-0.0267553423
0.0325253122
-0.0491210297
-0.00924839359
0.0169310365
-0.00780117512
-0.00923701562
0.00626569847
0.00627100421
-0.0320020244
-0.00228997855
0.0110495714
0.0541755371
0.0418729112
0.0423374884
0.0115664843
0.0706709102
0.0312647223
-0.00406133011
0.0213213824
0.0720494613
0.0273889638
-0.0024142873
-0.0129446704
0.0253661964
-0.0243524667
0.00140514562
-0.0804644153
-0.0736231431
0.00735993078
-0.0129378811
0.0326993801
0.0992949083
0.114916869
-0.0308476761
-0.0334322192
-0.00699518574
0.04877102
0.0433183908
-0.0725471899
-0.0483703725
0.0401248336
0.1112547
-0.0667995065
0.0296482705
0.0270689428
-0.0168658178
-0.0227369871
-0.0795393512
-0.0231667068
0.0226646867
0.00961191021
-0.00237322622
0.000396635674
-0.0344103202
-0.0455618314
0.0601701848
0.0899368897
0.055233933
0.0415291972
0.0114685241
0.00504237227
-0.0216611028
-0.071256429
-0.026121093
0.00319713913
-0.0411173254
-0.0054730759
-0.0434536226
0.00943997875
0.0591747425
-0.0499157049
-0.126367077
-0.0892868936
-0.0671191961
-0.105825715
-0.046010714
-0.113301955
-0.0031960723
0.0432842448
-0.00651546754
-0.0464941673
-0.0629570112
-0.0564266518
0.00783210993
0.0509923846
-0.0541818067
-0.060685195
0.0843948722
0.0235140342
0.0337255485
0.0281873103
0.101184011
0.026227152
0.00100026117
0.0257180538
0.0202140585
0.0545232296
0.00692417892
-0.0332802609
0.0733496621
-0.00461549871
0.0516746528
0.0127257574
-0.00861964747
0.0320777632
-0.0114202583
-0.0188945197
0.0257555768
0.0507420637
0.0110848434
-0.0285105929
0.0654638931
-0.0408478975
-0.00744084828
-0.00318626501
0.0232392326
0.0512387529
0.0389347114
0.028493112
-0.00127421808
0.0353539288
-0.0482563749
-0.128475159
-0.162712604
-0.208150581
0.0195097849
-0.0355910696
-0.0774282739
-0.0404059961
-0.00701748673
0.0170768872
0.050864052
0.136142597
0.033851184
-0.0358937941
0.0270727966
0.0500509776
0.0278133657
-0.00229601376
-0.0337193646
-0.0244844761
0.0554180294
-0.0427405797
-0.0181684457
0.0277970098
-0.016981855
-0.0336080119
-0.0138142845
0.0238782074
0.0210560448
0.00646853074
0.0110680554
-0.0540588535
-0.117249921
-0.0646437779
-0.0225207619
-0.020681927
-0.0362387784
0.06360396
-0.00743955513
-0.087839216
-0.0193718392
0.0323490351
0.0817316622
-0.02630198
-0.00733924843
0.0300756283
0.0734678879
0.05286346
0.0307653006
-0.00660710828
-0.00383828254
0.0816516876
0.124893956
-0.0672538504
-0.0297408141
2.69085158e-05
0.0147926891
-0.0200860053
-0.011903584
0.0549590476
0.0274613854
-0.0163630061
0.00510472991
0.00632177573
-0.0366076231
-0.0557615384
-0.0378105007
-0.00345630129
0.0210779719
0.0373924263
0.0186318662
0.0380763561
-0.00495357998
-0.0444980226
-0.0128678316
-0.0895917341
-0.0465762317
0.0642511249
-0.00123191008
-0.0496756881
-0.0359649546
0.0121780382
0.0572218597
0.0245641377
0.0383976363
0.0377830043
0.0640895441
0.0454463921
0.045165278
0.0130782062
0.0448394567
0.0981139392
0.0226687118
0.0288334228
-0.00209378568
0.0176795553
0.0352336168
0.0455763638
0.057207346
0.00545131834
0.00483321911
0.0284122676
0.0598376878
-0.0119451769
-0.0228434112
0.0458578132
0.0162446387
0.0551304631
0.019214876
0.0282757208
0.0165579915
0.000166510377
-0.0192299187
0.00294671603
-0.00506960601
0.0585917905
0.0441760384
-0.0271807499
0.0347336419
-0.00798460655
-0.0386483893
0.0176111013
0.0302011967
0.00876524765
0.0227226019
-0.0228381958
0.0486400239
-0.00871149451
0.00502022868
0.0175578948
-0.0202629194
0.0333542675
-0.0041221641
0.0281133652
0.002400717
0.00812425558
0.0213529859
0.0186708868
0.02663818
0.0321937129
0.0249525998
-0.0243213326
-0.0351783074
0.0286524072
-0.0138340462
0.0094497744
-0.016658593
0.0235560946
-0.0270779859
0.020866394
0.0166605059
0.00394885242
0.0242518112
0.0146229919
0.0150337033
0.00230622967
0.00287403213
-0.00217063539
0.0364836417
0.0281261951
-0.0145794479
0.00198529894
0.0220270958
-0.0279256273
-0.0115850866
-0.0587427653
-0.0262053739
-0.00658524083
0.0442044288
0.0675456077
0.077688992
0.0299858171
-0.00934146997
-0.0641622096
0.0222247876
0.0738445371
-0.0678780451
-0.0306787007
0.0215339158
-0.0324680954
0.0783470199
0.032282915
0.00410827342
0.0520686693
-0.0439442806
-0.0359742902
0.00727145001
0.0472863317
0.0537865423
-0.0169511661
-0.129588306
0.0244415253
0.0458913483
0.0710392594
0.0180023704
0.013810114
-0.0163263995
0.0337296352
-0.00619614916
-0.11358238
-0.0633668303
0.00130340422
-0.0262423959
-0.0300243981
-0.0253224354
0.0383491479
0.0336444825
-0.00616401806
0.0675605834
0.0224942174
-0.0353470705
-0.0101156579
0.00539825018
0.0404747613
0.0371564105
0.0116827069
0.0444109328
0.0121790115
-0.00621011946
0.0244195275
-0.00615371903
-0.00474773627
-0.0057354914
0.035410881
-0.0404181294
-0.0299006086
0.0544058271
-0.000611375261
-0.0592933558
-0.00311574782
0.0185723919
-0.00702547329
-0.0406546779
-0.0308520496
-0.0130472025
-0.0818406865
-0.0911193863
-0.124919049
-0.00079805596
-0.0282690413
-0.0459299497
-0.0615774058
-0.0724108517
-0.100061923
0.0392328836
-0.0489074662
-0.121686906
-0.0905524492
-0.0105863726
-0.0792345256
-0.126428157
-0.159087092
-0.126802802
-0.0615860075
0.0188552085
0.0142944977
-0.0317060277
-0.0521046109
-0.0522776693
-0.0338099562
-0.0142041091
-0.0677219033
-0.0223637875
0.0294130594
-0.00828013476
-0.00672210054
-0.0230274312
-0.0127086919
0.0237537511
-0.0448335111
0.0527314842
0.0305738635
-0.0378357172
-0.0418819748
-0.0449934974
-0.0432721004
-0.0879603326
0.0339403488
-0.0237676073
-0.0329430103
-0.04754458
-0.00564955128
-0.00225744932
0.0459285416
-0.0161975399
-0.0119004073
0.0424768813
0.0323696621
0.04113096
0.0138381971
0.0729105249
0.0855832994
0.0281119645
-0.0387175046
-0.0510587506
-0.0455167294
0.0215262361
0.0611421242
0.0262031816
-0.0606454834
0.0356778577
0.0831598938
-0.00380191603
0.0358163454
-0.0567842796
-0.0353723057
-0.0135274688
-0.0137760565
-0.0574803501
-0.00617134525
0.0380712971
0.0613325983
0.015660556
0.042054195
0.0514991432
0.0547300503
0.108451694
0.0553797632
-0.0651174113
-0.0240627993
-0.0016503752
0.0371645838
0.0428245291
0.0431671925
0.0348295011
0.0344031714
0.0655491725
-0.0110699702
-0.00375608797
0.0126821734
0.00287481397
-0.0393825248
-0.0431406945
-0.00134564925
0.0153308921
-0.039078135
-0.018721791
-0.0365439244
-0.0308858566
0.0148158129
-0.050045222
0.00951291993
-0.0555107929
-0.0315886922
0.00281341071
-0.0175864138
0.0357078873
-0.0711161569
-0.0668620542
-0.0126479417
-0.0364983492
-0.0439046025
-0.049033951
0.0560611263
0.0314906165
0.0554437488
0.0527929179
0.027091451
0.00345020276
0.0389870405
-0.0420128964
-0.0604491495
0.0435760058
0.0580528751
-0.0134482058
-0.0850902423
0.00242535071
0.0489926971
0.118851498
0.055705931
0.131064475
-0.022395324
-0.113657467
-0.0966655985
0.0392112732
-0.0213629864
0.0120770978
0.0173578281
0.043742232
-0.00282716728
0.00240912987
-0.0102488566
-0.00137841876
0.00758373411
0.00312123401
-0.00346255116
0.0326727107
-0.0493663698
-0.00302548381
0.0138054518
0.0315543078
0.0142936148
-0.0134079345
-0.0263809599
0.0319963992
-0.00163490151
-0.00851214305
0.0197142344
-0.0446823128
0.0086384099
0.0253361762
0.0134446062
0.00268520322
-0.0335920081
-0.0369976349
0.0282085165
0.0571678281
0.0382332914
0.0310199857
-0.0422041602
-0.0592889898
-0.0218125843
-0.0303304624
-0.014349442
-0.0332427733
-0.0931997746
0.00608209195
0.0199510083
0.0508848727
0.0196488388
-0.0536042713
0.000326538575
-0.0302736759
-0.0286911782
0.00555892708
-0.0168969817
-0.0418423191
-0.0252853613
-0.0417697467
0.00312263146
0.0403760448
0.0296595804
0.0342573635
0.00985568017
0.0397248976
0.0311686918
-0.0783812627
-0.00324784499
0.0871602073
0.0249124859
0.0261243153
-0.01262502
-0.0346032158
0.0566551499
0.00943152606
0.0440832898
-0.00534468424
-0.0672242269
0.00247243186
-0.0221417174
-0.0570813864
0.0260234401
0.0698223189
0.0223028436
-0.0231378656
-0.00211929716
0.0207270179
-0.00135776005
-0.00975051057
-0.00632487796
-0.0347368419
0.097750932
-0.0139039503
-0.0319578648
0.00783653185
0.0725225434
0.0771971643
0.0150317978
-0.0577759147
-0.0129264388
-0.141086221
-0.0657145679
0.115808867
0.0517722704
-0.084401682
-0.0582629219
0.0111031337
0.029842332
-0.0165772699
0.0131738428
-0.00491855759
-0.0112136984
-0.00291073858
0.0205705836
-0.0170476623
-0.0334546939
0.014175307
-0.0169795882
0.0452758931
0.0426914021
-0.0265025683
0.000807351316
0.0164351854
0.0396580175
0.019489672
0.0195412152
0.0180358179
-0.0457940362
-0.0132580129
-0.0192220695
0.0334421396
-0.0199930072
0.0210414678
-0.0373396352
-0.0938248485
-0.0230553634
-0.0387353376
-0.0557800606
-0.033010263
-0.00420288136
-0.0304782316
-0.0177147612
-0.0556805469
0.0112840347
-0.0508203171
-0.0246051196
-0.0456622988
0.0387936831
-0.0216745492
-0.0177977327
0.0026437128
0.0149206733
-0.0611807853
0.00233716657
0.0218591001
-0.0342504904
-0.061990466
0.0083393883
-0.0214884989
-0.0226223301
-0.0525639541
-0.0186031219
-0.067928642
0.00764282281
-0.0375142097
-0.0423987024
0.0149961393
0.018492097
0.00466314424
-0.00674636662
-0.0265381951
0.082183212
0.0546733588
-0.0689632818
0.00870108418
-0.0377014317
0.0497467704
0.0154768294
-0.000285697344
0.0407612957
-0.0294514373
-0.0231494382
0.0174819697
-0.0521662608
-0.00785458554
-0.00710295467
0.0245311651
-0.0324634537
0.0427111238
0.0290325005
0.0342268497
0.0401331
0.00899682194
0.0845415518
0.0380421877
0.0832579508
0.0710943639
0.0794608891
0.015089795
0.0210314486
0.0231959522
0.00872984715
0.0298608188
0.00065636629
-0.00282476284
0.0120201334
-0.0171411727
0.00847449061
0.0100872573
0.00454755686
0.0206426717
0.0229492504
-0.0139691131
0.0373609327
-0.0444539413
0.0341252834
0.0589005165
0.0119166858
0.0321793705
0.0179229993
-0.0384312533
0.0136023136
-0.014172731
0.0157581791
0.0340154208
-0.0533208326
0.0448882282
0.0197718404
-0.00989703275
0.00393557316
0.0215837546
0.0493418537
-0.000821964466
-0.00674564764
-0.0160486456
0.0219203569
0.00682405243
-0.038443815
0.0248688161
-0.0311304852
-0.00606197026
-0.0664459243
0.0298881084
0.0211839341
-0.0621947087
0.0265715905
0.0332143307
0.0155618116
-0.0189902652
0.0239026621
0.0261904448
0.0301859975
-0.0785639659
-0.00195892551
0.0257437341
-0.0610416271
-0.0286108591
0.0425698087
0.0502297729
0.0155623015
-0.0114847291
-0.0345358551
-0.014121566
-0.0900577083
0.0203442611
0.00113120023
-0.05352946
-0.0136826178
-0.00879269
0.0326470509
-0.0196332391
-0.0289402064
0.00795815326
-0.0199353602
0.00116517523
0.0131222848
0.0316279493
-0.0286166649
-0.0216532312
0.0354463272
-0.0071453508
-0.0385906845
0.00662413379
0.0216440298
0.0232537985
0.0216225255
-0.0171313751
0.0268660821
-0.0173548535
0.018113466
0.024104638
-0.044795949
-0.0425856002
-0.00969735347
0.0186753832
-0.0319201164
-0.0195368659
-0.0252436828
0.0213301964
0.0035739888
-0.00133821752
0.0374918394
-0.0366243087
-0.0123932995
0.0184201952
0.0302634686
-0.0433915332
-0.00837936159
-0.047028739
0.00129489962
0.003780809
-0.0541080274
0.00273984065
0.00968626142
-0.0606894791
0.0150868539
-0.017499771
-0.064946197
-0.0333232954
-0.0504100844
-0.0537238196
0.0104445294
-0.00448773568
-0.0147836087
0.00580084464
-0.0432661213
0.0109910285
-0.0226122104
-0.009995264
-0.0085620014
-0.0383389853
-0.0493207239
-0.0505702123
0.00378497271
0.00951797236
-0.00729202945
-0.0474809222
-0.0809447318
0.0502946451
-0.0380288176
-0.109957017
-0.0436682403
-0.0485591069
-0.0549127311
-0.0357169099
-0.101909883
-0.0808856487
-0.000697102398
0.0143399201
-0.0125598852
-0.046152249
-0.0722903982
-0.00404622173
0.026046738
-0.0510100685
-0.165519521
-0.0786392987
-0.0304791778
-0.00104801671
-0.0197525658
0.0413715541
0.0187439844
0.0804981589
-0.00700285239
0.0314167254
0.0290290825
0.049876187
0.0153685324
0.0498035736
0.0765390322
0.0418188535
0.0564642809
0.0331622101
0.048105713
-0.0115504973
0.0327510647
0.054765664
0.005747905
-0.0602391995
0.0302621853
0.0149395214
0.0469855815
-0.0404169373
-0.0199833941
0.0113981673
-0.000856300292
0.0261409748
-0.000937025878
-0.0205540508
0.0376021899
0.0458461307
0.00867678784
-0.00187675096
-0.0443848483
-0.0344831161
-0.000354045187
-0.0660303384
0.0552894212
0.0673732534
0.0343764424
0.045548737
0.0697752535
-0.0276926123
-0.0680069104
0.0620942041
0.0174462572
-0.065256238
0.00997675024
0.0275399517
-0.00844660308
0.0281460285
0.0212788731
-0.0264166296
0.0129531631
-0.0168674141
0.01990759
-0.0103696706
0.00877739675
0.0163649991
0.00166488334
-0.0394665301
0.0106224315
0.0450458229
-0.0129457917
0.0440488942
0.0846817344
0.0219845083
0.012783546
0.0166852549
-0.0315662287
-0.0602906607
-0.0315146074
-0.0176602956
-0.0230703447
-0.0365104638
0.00724509638
0.0146233533
-0.150527671
-0.0102275731
0.00993493199
-0.00916607305
-0.0535643958
-0.0371209532
-0.00422464544
0.0361040868
0.00409837672
-0.02245133
-0.102131248
0.0050963033
-0.00291863969
-0.0345780961
-0.0767423511
0.00890666433
0.0384838618
-0.0480664186
-0.0517899394
-0.0841673613
-0.0537240542
-0.0324508399
-0.0230863076
0.0017572185
-0.0391035788
-0.0120526785
-0.0956494808
0.0633063838
0.0145131154
-0.0278898831
-0.102005139
0.00501315109
-0.00681540929
0.00923788361
0.0083139604
-0.098535493
-0.0104292417
-0.00200746744
0.0307493936
-0.0158054773
-0.0737460777
-0.0648278669
0.0266574919
0.0414205864
-0.01626838
-0.0678823218
-0.00215826835
0.00226771249
0.00928820297
-0.0188749991
0.0674115121
-0.00478950888
0.0384188034
0.0576303229
0.060178563
0.054890424
0.0190796237
-0.0130043458
-0.067275092
0.015059487
0.071873799
0.0124296043
-0.0927455947
-0.10883528
-0.0274571143
-0.0453068055
-0.0554428883
-0.0283831898
0.00742188236
-0.0198770724
-0.0671981573
0.00635923445
-0.0380993113
-0.0536493249
0.0411100686
0.0116911586
0.00666350219
-0.0210850723
0.0115826679
0.0115839606
0.0720160156
0.0538026579
-0.00959417317
0.0616554916
0.0298059154
0.036254786
-0.0581552573
0.0204726569
0.00624147663
-0.0156795606
-0.0377072282
-0.04867208
0.000664687192
0.00354802725
-0.00684919534
-0.0364941508
-0.0293619838
-0.0191402063
-0.0276127663
0.0551713333
0.0282554161
0.0412645489
-0.0497927442
0.00725808367
0.0237341058
0.00469808048
0.00497404346
-0.00922818948
0.0189305767
0.00960164238
-0.0131928818
0.00597604364
0.00320634269
0.0562193021
0.0484245121
0.0356093235
0.00244969735
-0.00212223688
0.0370868035
-0.0458382517
-0.000768014695
-0.0316995122
-0.011720445
0.0166827645
-0.00700263353
-0.020958351
-0.0166637264
-0.00671875291
-0.00930908788
-0.0171663947
-0.0328400284
-0.0107706068
-0.0165725462
0.0214373767
-0.023732651
0.0277213566
-0.0133812502
-0.00647564
-0.0179619342
-0.0318535492
-0.0303922202
-0.0102243498
-0.0299897753
0.0212017279
-0.0156144258
0.0296708476
-0.00535478676
-0.0447985865
-0.00608706241
0.0109729441
-0.00079026504
-0.00159093039
0.0347658023
0.0639838278
-0.000155880611
0.0130994171
-0.022301482
-0.00972259883
0.0115442621
-0.00815799274
0.019299848
-0.0165490899
-0.0919150338
-0.0813464746
0.0140543208
-0.0215341095
-0.0221860185
-0.0486116819
-0.0511932932
-0.00749753788
-0.0215340108
-0.0735708326
-0.00523538329
0.0398975909
0.00688767666
-0.105662376
-0.114336737
-0.0170618817
0.080626443
0.0404367596
0.0114831794
-0.0775755644
-0.0634683147
-0.022996936
-0.00120147306
0.0344344564
-0.00379551807
-0.076586172
-0.0122195221
0.018783005
0.0290726405
0.0015461304
-0.00959643815
0.0603332445
-0.0129353562
-0.00395194767
-0.0599010922
0.0137270615
-0.0290819928
0.0589427724
0.0409832485
0.0391626507
0.00939534232
-0.0294481609
-0.0343078412
-0.00615185499
-0.00433307467
-0.0751936436
-0.0602170192
0.0174950473
0.0298455805
-0.0613506921
-0.0333559439
0.0170489792
-0.0209309738
-0.0715422034
-0.152534187
0.00337627903
0.032686729
-0.0529000387
-0.0337951966
-0.0849814788
0.0249470174
0.040736489
0.0314214751
0.034780398
0.00916142762
-0.0119973868
0.00962581299
-0.0351876393
-0.0652188957
-0.0349831879
-0.11365623
-0.148564771
-0.00191118137
-0.0605668426
0.031334348
-0.0432994626
0.0624673925
0.124146558
-0.0720863789
-0.127076313
-0.0121421069
0.117148645
0.0551770143
0.00349590206
-0.0436607338
-0.0515889898
-0.0457923524
-0.058172252
-0.167192847
-0.0702019706
0.078342922
0.0183887444
-0.026233403
0.0117756445
-0.00110149418
0.0505404882
-0.0272448696
-0.0491807051
0.00544294901
-0.0141431671
-0.0924669951
-0.0694859624
-0.0292203706
0.0705703273
-0.0297683738
-0.00649748556
0.0360680856
0.0591085367
-0.0140995402
-0.0216608886
0.00565272523
-0.0754168555
-0.0188287273
-0.00645831646
0.0126662906
-0.0471193157
-0.0395770594
-0.0426698104
0.0360082015
0.0586260073
-0.030701343
0.0393804237
0.016642306
0.0470717587
0.0177813899
0.0227504969
0.0692646876
-0.0786249414
-0.0230992902
-0.00483906688
0.00610278361
-0.0315894298
-0.113297999
-0.0371564142
-0.0245852862
-0.0118767517
-0.109569848
-0.0862679556
-0.0337994099
0.0373864919
-0.0578637943
-0.00495148031
0.0124410065
-0.00258654379
0.050465852
0.0621816069
0.0433866382
-0.042523969
0.042497918
-0.0110179512
0.00696716318
0.0494489558
-0.121759586
0.00858180877
0.00358273741
-0.0173958968
-0.0676982179
-0.0228715297
0.00807304494
0.0693397745
-0.0314741321
-0.0116323261
-0.0659251362
-0.0262118094
-0.0264551714
-0.0065028402
-0.0162417125
-0.0181361474
-0.0174427554
0.0317659602
0.0416594446
0.0224700123
0.0113047156
0.0359360799
0.0945526809
-0.0200279187
-0.00175360346
-0.0797106251
0.0574382171
0.069041498
-0.0300157443
-0.0557039604
-0.0295307525
0.0582414456
0.0487872176
0.0289197937
-0.00232237391
0.0626479462
0.0272758305
-0.0535745025
0.0102892062
0.0680488572
0.0777785033
-0.0547355898
-0.18693848
0.00111117598
-0.0611994937
0.0349221528
-0.0160365216
-0.00839538779
-0.0939667821
-0.22016187
-0.00615109736
-0.00811256096
0.0506458096
-0.00748795271
-0.0090055801
0.0396733284
-0.00474087615
0.0196229778
-0.0176128317
-0.0390703566
0.0229080413
-0.0194862299
-0.0169707965
-0.0236494821
0.0371623561
0.0609400459
0.0674752519
-0.00666500628
0.0376170687
0.015842976
-0.00727801071
0.0428646393
-0.0143317953
-0.0195924882
-0.0478071012
0.0100720366
0.046366334
0.0367968939
-0.0428164452
-0.0423871987
-0.0357724056
-0.00642110314
-0.0550967902
-0.0697972253
0.0135664558
0.0849557966
0.010691409
-0.060437426
0.00383951468
0.0334999412
0.0348479971
-0.0291154552
-0.0669365898
-0.0613192134
-0.0402111299
0.00378192775
0.0443733819
0.00964924321
-0.0154544991
-0.00211500237
0.0207924936
0.0216294229
-0.0320463739
0.0207796358
0.0545071922
-0.018703049
-0.0142261619
-0.0732161328
-0.035869915
-0.0287178904
0.0227629486
0.0564312413
0.00839826372
0.00483141607
0.00596930506
0.0306704883
0.0895486176
-0.00537680835
-0.00312396325
-0.0857270584
0.0762192011
0.054875128
-0.0534675345
0.0284925923
-0.0745013282
-0.010428533
0.0468396991
-0.0813384727
0.00962639414
-7.26895814e-06
0.0451879725
-0.0683172122
-0.0151682273
-0.0147763351
-0.053416986
0.0325246006
0.0480579883
0.0581885166
-0.0585697033
-0.117994949
-0.0639902875
0.0330955312
0.0172363687
-0.0925166085
-0.0210660156
0.00414693495
-0.111656487
-0.0386169404
-0.042973876
0.123308457
0.0575675815
-0.154423371
-0.0651316196
0.0550012402
0.0772031546
-0.0612197034
-0.0393570438
-0.0262640137
-0.0199667271
-0.0132701853
0.00849050377
0.0252509043
-0.012833951
0.0254721027
0.000381837657
0.0325531662
0.0294816121
-0.0130277947
-0.00376410177
0.0327785462
-0.0319667086
0.00553480722
-0.0404587388
-0.0157807078
-0.00900285691
-0.00766749261
0.0567314923
-0.0445012264
-0.0395867787
-0.00746465847
-0.0182453487
-0.00277276733
0.0254637077
-0.201374933
-0.0438546576
-0.107922196
-0.084658809
-0.0751805007
0.0422529764
0.0435593314
-0.00999216642
-0.00457101455
-0.0301489457
0.0683998391
0.00840113219
-0.0541201793
0.063325882
0.0214958712
-0.0937216729
-0.175757036
-0.0335984565
0.0579365082
-0.0020494936
-0.0659335181
-0.0402808078
0.0472737662
0.00832352415
-0.0225218479
-0.0351664908
-0.0357599407
-0.0753026232
0.0434273891
-0.036929749
-0.0521573089
-0.0172280204
-0.00552800111
-0.00235488545
0.0699563622
-0.0028711448
0.0166511722
0.0160419736
0.046098087
-0.00403301651
0.0344601348
0.0653918833
0.0141856233
0.0207739286
-0.0455184318
-0.0175606236
-0.00192289765
0.0120430775
0.00861509889
0.0377207547
-0.071205318
-0.199161887
-0.0376728289
0.0648578256
-0.00438943133
-0.0728256777
0.0469341874
0.0157094244
0.0172483977
0.0200993139
0.0347676091
0.0623541512
-0.00185330014
-0.02245868
-0.0252049789
0.0344691612
0.0152561152
-0.005540682
0.0348586701
-0.0545091555
-0.0307622664
-0.0193477497
0.0291423947
-0.0210940763
-0.0725628734
-0.165015951
-0.0203438252
0.0230552256
0.0392193235
0.0089862179
-0.0182155948
-0.00457624346
0.0286728982
-0.0242083259
0.022293767
-0.0288069546
-0.0020928809
0.0340264589
0.0618324466
-0.026738856
-0.0394306108
0.00216579647
0.0561230667
0.0326551646
-0.0604017973
-0.0206821095
0.0270835292
-0.00962576736
-0.0274505764
-0.0431281552
-0.09347146
-0.0322948769
-0.00828214828
-0.0825454071
-0.0733206868
0.0542767309
-0.00234903721
-0.0415650643
-0.0392914712
-0.0247675721
0.0399080217
-0.00980215147
-0.0880335569
-0.0476368554
0.050188031
0.00698258076
0.0339448489
0.00019115374
0.010116471
0.0395707004
-0.0552213453
-0.021385096
0.0426949933
0.0111753885
-0.0541961603
0.049155198
-0.00752436882
-0.0374218374
-0.0305014327
0.000141505414
0.0363361426
0.0184947383
0.0415847227
0.0206910446
0.0323523618
-0.00849615037
-0.00287513761
-0.0223530158
0.00980333332
0.034299884
0.00962898415
-0.0152518898
-0.0232293941
0.0111090671
0.0207529515
0.0258655455
0.0208922494
-0.0088070957
0.0111570265
-0.0135753676
0.00803745911
0.00311231241
0.0303143114
0.0117790494
0.0110175125
0.0202583093
0.0378962979
0.0435742699
-0.024484165
0.0220204648
0.0479096286
0.0516749658
-0.0126670431
0.0541798361
0.00293307635
-0.0254106838
-0.0744914338
-0.00952020753
-0.0100835329
-0.0312628672
-0.0665696636
-0.0540870205
-0.0565336645
-0.025437234
-0.0108369803
-0.0385372527
0.0845180452
-0.0575054437
-0.076217711
-0.0251140203
0.0629299507
0.0265871231
-0.0199432969
-0.0177800283
0.0154202487
0.0142005878
-0.0541242547
-0.0443708636
0.0253320113
0.0393938795
0.000364726759
-0.0152638983
-0.0242408402
0.00510057481
0.00927789882
-0.00519228168
0.0428877287
-0.00709685683
-0.019583201
-0.0721382275
0.0136625338
0.0109122312
0.0472893082
-0.0257110037
-0.00632284721
-0.0372092947
-0.0488135144
0.00587409083
-0.0348409079
0.0254898183
-0.0547717772
-0.117619365
0.0300212316
-0.00358084589
-0.0891363546
-0.0500891171
-0.0105755338
0.0690434948
-0.0506627671
-0.0900187865
0.0439253673
0.0948242024
0.0207854547
-0.0148417568
-0.0920211449
0.00508820172
-0.0488600731
0.0542341508
0.0671169236
0.0356516428
-0.0210780669
-0.0234082416
0.0211343002
0.0222174693
-0.0112314029
0.0243095923
0.0821389407
0.013207878
0.0234448034
-0.0172998067
-0.011057131
0.0869626552
-0.00627841381
-0.0391669497
-0.113492079
-0.0473259911
-0.0168445669
-0.05331406
-0.0380209424
-0.0615360178
-0.0895622969
0.10696695
-0.0728606582
-0.116358362
-0.021312207
0.0611401498
0.0768686756
0.0871529207
-0.0146581857
-0.117277279
0.0408579297
0.0171098188
-0.0444779657
-0.0569936112
0.041723568
-0.00242956029
-0.117735252
-0.124742307
0.0328776911
0.0784576908
-0.0419344604
0.0275323335
0.0189719629
0.00935908034
-0.00207511336
-0.0323487781
-0.015822269
0.0659981892
0.0603653453
0.0230258182
0.0213386193
0.0422615372
0.0549460091
0.00618763361
-0.0514856167
-0.0590537637
-0.0464817695
0.0106997192
0.0208315887
-0.0746737123
-0.154808491
0.00911960285
0.0193751901
-0.0559452437
-0.170589119
0.0442979187
0.0200369339
-0.0246075448
-0.0969464108
-0.0338759087
0.0189252533
0.0140919294
0.0789266601
0.0864322111
-0.0052727391
-0.0488025211
-0.10101936
-0.09741579
-0.00787512586
0.0107734846
-0.062527582
-0.032728605
-0.0108693372
-0.0761569068
-0.050289914
0.0164721757
0.0172290914
0.0808766112
-0.0748708397
-0.146233603
0.0345894173
0.032179065
0.0398709401
-0.0185160358
-0.0412508734
0.0113933785
-0.0377436094
-0.0192332417
-0.0950046554
-0.189945444
-0.00373987923
-0.0120159527
-0.0875506923
-0.126985461
-0.161182508
0.0657463521
0.0413534492
-0.0750813782
-0.0695896298
0.105625972
0.0338107049
-0.0469107777
-0.0449933298
0.0509760156
0.0646206141
-0.0143911606
-0.0494523905
0.0104663949
0.0938540548
0.0318828225
